C,h,i,n,a
w,i,l,l
a,d,o,p,t
a
p,a,c,k,a,g,e
o,f
m,e,a,s,u,r,e,s
t,o
s,t,a,b,i,l,i,z,e
e,c,o,n,o,m,i,c
p,e,r,f,o,r,m,a,n,c,e
i,n
a,n
e,f,f,o,r,t
g,e,t
t,h,e
e,c,o,n,o,m,y
b,a,c,k
n,o,r,m,a,l
t,r,a,c,k
a,n,d
k,e,e,p
m,a,j,o,r
i,n,d,i,c,a,t,o,r,s
w,i,t,h,i,n
a,p,p,r,o,p,r,i,a,t,e
r,a,n,g,e
S,t,a,t,e
C,o,u,n,c,i,l
d,e,c,i,d,e,d
a,t
r,e,c,e,n,t
e,x,e,c,u,t,i,v,e
m,e,e,t,i,n,g
c,h,a,i,r,e,d
b,y
P,r,e,m,i,e,r
L,i
K,e,q,i,a,n,g
N,o,t,i,n,g
i,n,c,r,e,a,s,i,n,g
d,o,w,n,w,a,r,d
p,r,e,s,s,u,r,e
o,n
s,e,r,i,o,u,s
d,i,f,f,i,c,u,l,t,i,e,s
f,a,c,i,n,g
m,a,n,y
m,a,r,k,e,t
e,n,t,i,t,i,e,s
s,t,r,e,s,s,e,d
n,e,e,d
s,t,a,y
c,o,n,f,i,d,e,n,t
r,e,s,p,o,n,d
r,e,s,o,l,u,t,e,l,y
f,u,l,l,y
a,p,p,l,y
n,e,w
d,e,v,e,l,o,p,m,e,n,t
p,h,i,l,o,s,o,p,h,y
c,o,o,r,d,i,n,a,t,e
C,O,V,I,D
r,e,s,p,o,n,s,e
w,i,t,h
s,o,c,i,a,l
h,i,g,h
e,f,f,i,c,i,e,n,c,y
P,o,w,e,r
g,e,n,e,r,a,t,i,o,n
f,r,e,i,g,h,t
v,o,l,u,m,e
b,a,n,k
l,o,a,n,s
h,a,v,e
a,l,l
d,e,c,l,i,n,e,d
s,i,n,c,e
A,p,r,i,l
W,i,t,h,o,u,t
c,e,r,t,a,i,n
l,e,v,e,l
G,D,P
g,r,o,w,t,h
s,t,a,b,l,e
e,m,p,l,o,y,m,e,n,t
c,a,n,n,o,t
b,e
r,e,a,l,i,z,e,d
O,n,e
g,o,o,d
t,h,i,n,g
i,s
t,h,a,t
w,e
r,e,f,r,a,i,n,e,d
f,r,o,m
e,x,c,e,s,s,i,v,e
m,o,n,e,y
s,u,p,p,l,y
m,a,s,s
s,t,i,m,u,l,u,s
p,a,s,t
f,e,w
y,e,a,r,s
s,t,i,l,l
p,o,l,i,c,y
t,o,o,l,s
r,e,s,e,r,v,e
s,a,i,d
T,h,e
i,m,p,l,e,m,e,n,t
3,3
s,i,x
a,s,p,e,c,t,s
w,h,i,c,h
m,a,i,n,l,y
i,n,c,l,u,d,e
f,i,s,c,a,l
r,e,l,a,t,e,d
p,o,l,i,c,i,e,s
o,p,e,r,a,t,i,o,n
r,e,f,u,n,d,i,n,g
o,u,t,s,t,a,n,d,i,n,g
n,e,w,l,y
a,d,d,e,d
v,a,l,u,e
t,a,x
c,r,e,d,i,t,s
e,x,t,e,n,d,e,d
m,o,r,e
i,n,d,u,s,t,r,i,e,s
e,x,p,e,c,t,e,d
i,n,c,r,e,a,s,e
r,e,f,u,n,d,s
t,h,a,n
1,4,0
b,i,l,l,i,o,n
y,u,a,n
$,2,1
b,r,i,n,g
t,o,t,a,l
a,m,o,u,n,t
r,e,l,i,e,f
t,h,i,s
y,e,a,r
2,6,4
t,r,i,l,l,i,o,n
d,e,f,e,r,r,e,d
p,r,e,m,i,u,m
p,a,y,m,e,n,t,s
o,l,d,-,a,g,e
u,n,e,m,p,l,o,y,m,e,n,t
w,o,r,k,p,l,a,c,e
s,a,f,e,t,y
i,n,s,u,r,a,n,c,e
p,r,o,g,r,a,m,s
m,i,c,r,o
s,m,a,l,l
m,e,d,i,u,m,-,s,i,z,e,d
e,n,t,e,r,p,r,i,s,e,s
s,e,l,f,-,e,m,p,l,o,y,e,d
h,o,u,s,e,h,o,l,d,s
c,o,m,p,a,n,i,e,s
c,a,t,e,r,i,n,g
r,e,t,a,i,l
t,o,u,r,i,s,m
c,i,v,i,l
a,v,i,a,t,i,o,n
h,i,g,h,w,a,y
w,a,t,e,r,w,a,y
r,a,i,l,w,a,y
t,r,a,n,s,p,o,r,t,a,t,i,o,n
s,e,c,t,o,r,s
p,r,o,l,o,n,g,e,d
u,n,t,i,l
e,n,d
o,t,h,e,r
A,s
r,e,s,u,l,t
r,e,a,c,h
3,2,0
s,u,b,s,i,d,y
f,o,r
r,e,t,a,i,n,i,n,g
e,m,p,l,o,y,e,e,s
u,n,d,e,r
h,a,r,d,-,h,i,t
p,a,r,t,i,c,i,p,a,t,i,n,g
p,l,a,n
r,e,-,g,u,a,r,a,n,t,e,e
b,u,s,i,n,e,s,s
n,a,t,i,o,n,a,l
f,i,n,a,n,c,i,n,g
g,u,a,r,a,n,t,e,e
f,u,n,d
i,n,c,r,e,a,s,e,d
1
E,n,e,r,g,y
s,e,c,u,r,i,t,y
e,n,s,u,r,e,d
a,p,p,r,o,v,i,n,g
p,r,o,d,u,c,t,i,o,n
c,a,p,a,c,i,t,y
c,o,a,l
m,i,n,e,s
r,e,c,a,l,i,b,r,a,t,e,d
p,r,o,c,e,d,u,r,e,s
d,e,s,i,g,n,a,t,i,n,g
e,s,p,e,c,i,a,l,l,y
i,m,p,o,r,t,a,n,t
e,n,e,r,g,y
a,c,c,e,l,e,r,a,t,e,d
A
n,u,m,b,e,r
h,y,d,r,o,p,o,w,e,r
c,o,a,l,-,f,i,r,e,d
p,o,w,e,r
p,r,o,j,e,c,t,s
s,t,a,r,t
s,t,r,i,n,g
f,i,n,a,n,c,i,a,l
s,c,a,l,e
s,u,p,p,o,r,t
f,a,c,i,l,i,t,y
i,n,c,l,u,s,i,v,e
b,u,s,i,n,e,s,s,e,s
d,o,u,b,l,e,d
B,a,n,k,s
s,u,p,p,o,r,t,e,d
d,e,f,e,r,r,i,n,g
p,r,i,n,c,i,p,a,l
i,n,t,e,r,e,s,t
r,e,p,a,y,m,e,n,t,s
m,a,d,e
a,s
w,e,l,l
t,r,u,c,k
h,o,m,e
c,o,n,s,u,m,e,r
b,o,r,n,e
i,n,d,i,v,i,d,u,a,l,s
t,e,m,p,o,r,a,r,y
F,o,r
b,a,s,i,s
k,e,y
r,e,s,o,l,v,i,n,g
p,r,o,b,l,e,m,s
W,e
m,u,s,t
e,f,f,i,c,i,e,n,t,l,y
b,e,t,t,e,r
u,s,e
e,x,p,e,r,i,e,n,c,e
g,a,i,n,e,d
t,w,o
P,o,l,i,c,y
b,e,e,f,e,d
u,p
s,h,o,u,l,d
s,w,i,f,t,l,y
r,o,l,l,e,d
o,u,t
w,h,e,r,e,v,e,r
n,e,e,d,e,d
e,n,s,u,r,e
o,v,e,r,a,l,l
a,d,o,p,t,e,d
i,n,d,u,s,t,r,i,a,l
c,h,a,i,n,s
e,n,a,b,l,e
e,a,r,l,y
r,e,o,p,e,n,i,n,g
t,h,e,i,r
f,u,l,l,-,c,a,p,a,c,i,t,y
f,i,n,e,-,t,u,n,e,d
i,m,p,e,r,a,t,i,v,e
p,e,o,p,l,e,',s
b,a,s,i,c
l,i,v,e,l,i,h,o,o,d,s
S,u,p,p,o,r,t
p,r,o,v,i,d,e,d
p,e,o,p,l,e
e,l,i,g,i,b,l,e
b,e,n,e,f,i,t,s
s,u,b,s,i,s,t,e,n,c,e
a,l,l,o,w,a,n,c,e,s
m,e,c,h,a,n,i,s,m
r,a,i,s,i,n,g
p,a,c,e
p,r,i,c,e
p,r,o,m,p,t,l,y
a,c,t,i,v,a,t,e,d
s,i,t,u,a,t,i,o,n
r,e,q,u,i,r,e
R,e,s,t,r,i,c,t,i,o,n,s
p,a,s,s,a,g,e
t,r,u,c,k,s
l,o,w,-,C,O,V,I,D,-,r,i,s,k
a,r,e,a,s
l,i,f,t,e,d
u,n,d,u,e
l,i,m,i,t,s
a,r,b,i,t,r,a,r,y
c,h,a,r,g,e,s
s,c,r,a,p,p,e,d
D,o,m,e,s,t,i,c
i,n,t,e,r,n,a,t,i,o,n,a,l
p,a,s,s,e,n,g,e,r
f,l,i,g,h,t,s
w,e,l,l,-,p,a,c,e,d
m,a,n,n,e,r
C,o,n,s,u,m,e,r
s,p,e,n,d,i,n,g
e,f,f,e,c,t,i,v,e
i,n,v,e,s,t,m,e,n,t
b,o,o,s,t,e,d
c,a,r
p,u,r,c,h,a,s,e
r,e,s,t,r,i,c,t,i,o,n,s
r,e,l,a,x,e,d
T,h,e,r,e
p,h,a,s,e,d
r,e,d,u,c,t,i,o,n
t,o,t,a,l,i,n,g
6,0
s,o,m,e
v,e,h,i,c,l,e,s
C,i,t,y,-,s,p,e,c,i,f,i,c
m,e,e,t
h,o,u,s,i,n,g
n,e,e,d,s
w,i,s,h
i,m,p,r,o,v,e
c,o,n,d,i,t,i,o,n,s
i,n,f,r,a,s,t,r,u,c,t,u,r,e
l,a,u,n,c,h,e,d
i,n,c,l,u,d,i,n,g
w,a,t,e,r
c,o,n,s,e,r,v,a,n,c,y
f,a,c,i,l,i,t,i,e,s
l,a,r,g,e,-,s,c,a,l,e
i,r,r,i,g,a,t,i,o,n
r,e,n,o,v,a,t,i,o,n
o,l,d
r,e,s,i,d,e,n,t,i,a,l
c,o,m,m,u,n,i,t,i,e,s
m,u,l,t,i,p,u,r,p,o,s,e
u,t,i,l,i,t,y
t,u,n,n,e,l,s
e,n,c,o,u,r,a,g,e,d
p,r,o,v,i,d,e
l,o,n,g,-,t,e,r,m
s,i,z,a,b,l,e
B,E,I,J,I,N,G
2,1
X,i,n,h,u,a
-,-
C,h,i,n,e,s,e
h,a,s
s,i,g,n,e,d
d,e,c,r,e,e
u,n,v,e,i,l,i,n,g
r,e,v,i,s,e,d
r,u,l,e
m,a,n,a,g,e,m,e,n,t
p,l,a,c,e
n,a,m,e,s
4,4
i,t,e,m,s
s,e,v,e,n
c,h,a,p,t,e,r,s
a,i,m,s
f,u,r,t,h,e,r
r,e,g,u,l,a,t,i,o,n
p,l,a,c,e,s
s,t,a,t,e,m,e,n,t
r,e,q,u,i,r,e,s
s,t,r,i,c,t
o,v,e,r
n,a,m,i,n,g
r,e,n,a,m,i,n,g
l,o,c,a,l,i,t,i,e,s
s,i,t,e,s
m,e,a,n,t,i,m,e
d,e,m,a,n,d,s
e,f,f,o,r,t,s
c,u,l,t,u,r,a,l
p,r,o,t,e,c,t,i,o,n
r,e,g,a,r,d
I,t
c,o,m,e
i,n,t,o
e,f,f,e,c,t
M,a,y
S,e,p,t
2,0,2,1
2,5
M,o,n,d,a,y
c,a,l,l,e,d
c,o,m,b,a,t
c,o,r,r,u,p,t,i,o,n
b,u,i,l,d
c,l,e,a,n
h,o,n,e,s,t
g,o,v,e,r,n,m,e,n,t
a,l,s,o
m,e,m,b,e,r
S,t,a,n,d,i,n,g
C,o,m,m,i,t,t,e,e
P,o,l,i,t,i,c,a,l
B,u,r,e,a,u
C,o,m,m,u,n,i,s,t
P,a,r,t,y
C,P,C
C,e,n,t,r,a,l
r,e,m,a,r,k,s
g,o,v,e,r,n,a,n,c,e
Z,h,a,o
L,e,j,i
s,e,c,r,e,t,a,r,y
C,o,m,m,i,s,s,i,o,n
D,i,s,c,i,p,l,i,n,e
I,n,s,p,e,c,t,i,o,n
V,i,c,e
H,a,n
Z,h,e,n,g
b,o,t,h
m,e,m,b,e,r,s
a,t,t,e,n,d,e,d
a,d,v,a,n,c,i,n,g
r,e,s,p,o,n,s,i,b,i,l,i,t,y
g,o,v,e,r,n,m,e,n,t,s
l,e,v,e,l,s
e,s,s,e,n,t,i,a,l
r,e,q,u,i,r,e,m,e,n,t
i,m,p,r,o,v,i,n,g
c,o,n,d,u,c,t
b,u,i,l,d,i,n,g
C,h,i,n,a,',s
d,u,e
i,m,p,a,c,t
g,r,e,a,t,e,r,-,t,h,a,n,-,e,x,p,e,c,t,e,d
c,h,a,n,g,e,s
d,o,m,e,s,t,i,c
s,i,t,u,a,t,i,o,n,s
d,e,s,e,r,v,e,s
g,r,e,a,t
a,t,t,e,n,t,i,o,n
h,e
i,n,i,t,i,a,t,i,v,e,s
a,l,r,e,a,d,y
b,e,e,n
f,o,r,m,u,l,a,t,e,d
l,a,r,g,e,l,y
i,m,p,l,e,m,e,n,t,e,d
f,i,r,s,t
h,a,l,f
s,o
j,o,b,s
p,r,i,c,e,s
s,u,p,p,l,i,e,s
f,u,n,d,a,m,e,n,t,a,l,s
G,o,v,e,r,n,m,e,n,t,s
a,r,e
u,r,g,e,d
s,h,o,u,l,d,e,r
r,e,s,p,o,n,s,i,b,i,l,i,t,i,e,s
s,a,f,e,g,u,a,r,d
f,o,o,d
a,c,c,o,r,d,i,n,g
p,r,e,m,i,e,r
c,r,e,a,t,e
m,a,r,k,e,t,-,o,r,i,e,n,t,e,d
l,a,w,-,b,a,s,e,d
i,n,t,e,r,n,a,t,i,o,n,a,l,i,z,e,d
e,n,v,i,r,o,n,m,e,n,t
n,o,t,i,n,g
f,e,e
f,a,i,r
e,q,u,i,t,a,b,l,e
e,f,f,i,c,i,e,n,t
M,o,r,e,o,v,e,r
g,r,e,a,t,e,r
o,p,p,o,s,e
p,o,i,n,t,l,e,s,s
f,o,r,m,a,l,i,t,i,e,s
b,u,r,e,a,u,c,r,a,t,i,s,m
h,e,d,o,n,i,s,m
e,x,t,r,a,v,a,g,a,n,c,e
p,a,r,t,i,c,u,l,a,r
f,o,c,u,s
p,a,y,r,o,l,l,s
b,o,o,s,t
j,o,b
c,r,e,a,t,i,o,n
b,i,d
s,t,e,a,d,y
d,e,c,i,s,i,o,n
W,e,d,n,e,s,d,a,y
N,o,w
i,m,p,o,r,t,a,n,c,e
s,t,a,b,i,l,i,z,i,n,g
r,o,u,n,d
f,l,a,r,e,-,u,p,s
h,i,t
q,u,i,t,e
h,a,r,d
M,o,r,e
f,o,r,c,e,f,u,l
t,a,k,e,n
r,e,s,u,m,p,t,i,o,n
s,o,u,n,d
C,O,V,I,D,-,1,9
c,o,n,t,r,o,l
p,a,r,t,i,c,u,l,a,r,l,y
l,o,g,i,s,t,i,c,s
t,h,o,s,e
P,o,i,n,t,-,t,o,-,p,o,i,n,t
a,s,s,i,s,t,a,n,c,e
m,a,s,s,i,v,e
P,o,l,i,c,i,e,s
t,e,m,p,o,r,a,r,i,l,y
d,e,f,e,r
w,o,r,k,e,r,s,'
c,o,m,p,e,n,s,a,t,i,o,n
e,x,p,a,n,d,e,d
o,r
M,S,M,E,s
C,O,V,I,D,-,r,e,l,a,t,e,d
o,p,e,r,a,t,i,o,n,s
p,r,o,p,o,r,t,i,o,n
p,r,e,m,i,u,m,s
m,a,k,e
n,o
m,i,n,i,m,a,l
c,u,t,s
s,t,a,f,f
n,u,m,b,e,r,s
9,0
p,e,r,c,e,n,t
L,o,c,a,l,i,t,i,e,s
i,m,p,l,e,m,e,n,t,i,n,g
d,i,s,c,o,u,n,t,s
e,l,e,c,t,r,i,c,i,t,y
c,o,n,s,u,m,p,t,i,o,n
s,p,e,c,i,a,l
d,i,f,f,i,c,u,l,t,y
I,n
a,d,d,i,t,i,o,n
b,r,o,a,d,b,a,n,d
d,e,d,i,c,a,t,e,d
i,n,t,e,r,n,e,t
s,e,r,v,i,c,e,s
c,o,n,c,e,s,s,i,o,n,a,l
r,a,t,e,s
h,e,a,l,t,h,y
p,l,a,t,f,o,r,m
a,d,v,a,n,c,e,d
A,t
s,a,m,e
t,i,m,e
d,o
w,h,a,t,e,v,e,r
p,o,s,s,i,b,l,e
g,r,o,u,p,s
s,u,c,h
c,o,l,l,e,g,e
g,r,a,d,u,a,t,e,s
g,r,o,u,p
f,i,e,l,d,s
f,a,r,m,l,a,n,d
r,u,r,a,l
r,o,a,d,s
p,u,b,l,i,c
w,o,r,k,s
o,p,p,o,r,t,u,n,i,t,i,e,s
m,i,g,r,a,n,t
w,o,r,k,e,r,s
r,e,p,a,y,m,e,n,t
s,t,u,d,e,n,t
e,x,e,m,p,t,i,o,n
e,x,p,l,o,r,e,d
h,e,a,r,d
r,e,p,o,r,t,s
w,o,r,k
e,n,s,u,r,i,n,g
s,m,o,o,t,h
i,t
u,n,c,l,o,g
b,o,t,t,l,e,n,e,c,k,s
m,a,i,n,t,a,i,n
T,h,i,s
c,r,u,c,i,a,l
s,u,s,t,a,i,n,i,n,g
w,e,l,l,-,b,e,i,n,g
t,a,k,e
o,u,r
a,g,e,n,d,a
r,e,q,u,i,r,e,d
r,u,n,n,i,n,g
t,r,a,f,f,i,c
a,r,t,e,r,i,e,s
T,o,l,l
s,t,a,t,i,o,n,s
s,e,r,v,i,c,e
a,l,o,n,g
e,x,p,r,e,s,s,w,a,y,s
o,p,e,n
g,r,e,a,t,e,s,t
e,x,t,e,n,t
P,l,a,t,f,o,r,m
d,e,l,i,v,e,r,y
s,c,a,l,i,n,g
o,u,t,l,e,t,s
s,h,u,t
d,o,w,n
e,x,p,r,e,s,s
p,o,i,n,t,s
c,a,n
r,e,s,u,m,e
p,e,r,s,o,n,n,e,l
r,e,t,u,r,n
o,r,d,e,r,l,y
V,a,l,u,e,-,a,d,d,e,d
e,x,e,m,p,t,e,d
r,e,v,e,n,u,e,s
g,e,n,e,r,a,t,e,d
1,0,0
$,1,5,2
r,e,l,e,n,d,i,n,g
q,u,o,t,a
p,u,t
q,u,i,c,k,l,y
w,a,r,e,h,o,u,s,i,n,g
i,s,s,u,e
t,r,a,v,e,l
p,e,r,m,i,t,s
n,e,c,e,s,s,a,r,y
Q,u,i,c,k
a,p,p,l,i,c,a,t,i,o,n
i,s,s,u,a,n,c,e
i,n,t,e,r,-,r,e,g,i,o,n,a,l
r,e,c,o,g,n,i,t,i,o,n
n,a,t,i,o,n,w,i,d,e
F,r,e,e
t,e,s,t,s
d,r,i,v,e,r,s
d,u,r,i,n,g
2,0
a,g,r,i,c,u,l,t,u,r,a,l
s,p,r,i,n,g
b,u,m,p,e,r
h,a,r,v,e,s,t
f,a,r,m
p,r,o,d,u,c,e
C,h,a,i,r,i,n,g
n,o,t,e,d
s,t,r,i,c,t,l,y
f,u,l,f,i,l,l
c,o,o,r,d,i,n,a,t,i,n,g
e,p,i,d,e,m,i,c
M,e,a,n,w,h,i,l,e
g,r,e,e,n
c,h,a,n,n,e,l,s
o,p,e,n,e,d
f,r,e,s,h
l,i,k,e
v,e,g,e,t,a,b,l,e,s
w,h,i,l,e
f,u,n,d,s
a,s,s,i,s,t,i,n,g
g,r,a,i,n
d,e,l,i,v,e,r,e,d
f,a,r,m,e,r,s
O,n
g,i,v,e
f,u,l,l
p,l,a,y
m,a,i,n
s,o,u,r,c,e
s,t,e,p
a,d,d,i,t,i,o,n,a,l
3,0,0
m,i,l,l,i,o,n
t,o,n,n,e,s
c,o,u,n,t,r,y
p,r,o,m,o,t,e
s,t,r,e,n,g,t,h,e,n
c,o,n,s,t,r,u,c,t,i,o,n
s,t,o,r,a,g,e
l,o,w,-,c,a,r,b,o,n
t,r,a,n,s,f,o,r,m,a,t,i,o,n
p,l,a,n,t,s
d,e,v,e,l,o,p,i,n,g
n,u,c,l,e,a,r
p,r,e,m,i,s,e
e,x,e,r,c,i,s,i,n,g
o,v,e,r,s,i,g,h,t
a,p,p,r,o,v,a,l
w,a,s
g,r,a,n,t,e,d
t,h,r,e,e
p,r,o,d,u,c,t,s
C,o,u,n,c,i,l,',s
E,x,e,c,u,t,i,v,e
M,e,e,t,i,n,g
p,o,i,n,t,e,d
s,t,a,b,i,l,i,t,y
u,n,d,e,r,p,i,n,n,i,n,g,s
k,e,e,p,i,n,g
g,r,a,i,n,s
s,e,r,v,e
a,n,c,h,o,r
g,i,v,e,n
g,r,o,w,i,n,g
u,n,c,e,r,t,a,i,n,t,i,e,s
i,n,f,l,a,t,i,o,n
c,o,u,n,t,r,i,e,s
p,a,y
n,o,w
f,a,r,m,i,n,g
s,c,h,e,d,u,l,e
e,n,j,o,y,s
s,u,f,f,i,c,i,e,n,t
p,r,o,v,i,s,i,o,n
s,o,w,i,n,g
s,t,e,a,d,i,l,y
F,o,o,d
g,u,a,r,a,n,t,e,e,d
A,l,l
c,o,o,r,d,i,n,a,t,e,d
p,r,o,g,r,e,s,s
p,a,r,t
a,s,s,e,s,s,m,e,n,t
A,c,c,o,r,d,i,n,g
t,a,s,k
f,o,r,c,e,s
s,e,t
m,a,r,k,e,t,i,n,g
f,u,l,l,-,y,e,a,r
t,a,r,g,e,t,s
a,c,r,e,a,g,e
o,u,t,p,u,t
b,r,o,k,e,n
c,a,r,r,y
o,p,t,i,m,u,m
l,e,a,v,e
u,n,c,u,l,t,i,v,a,t,e,d
T,h,o,s,e
w,h,o
f,a,i,l
c,o,m,p,l,e,t,e
a,s,s,i,g,n,e,d
t,a,s,k,s
h,e,l,d
a,c,c,o,u,n,t,a,b,l,e
p,r,i,m,a,r,y
r,o,l,e
t,y,p,e,s
a,g,r,i,b,u,s,i,n,e,s,s
b,r,o,u,g,h,t
t,h,i,r,d,-,p,a,r,t,y
c,u,l,t,i,v,a,t,i,o,n
h,e,l,p
h,o,u,s,e,h,o,l,d
a,f,f,e,c,t,e,d
l,a,n,d
C,o,n,c,r,e,t,e
p,l,o,w,i,n,g
a,c,t,i,v,i,t,i,e,s
W,e,l,l,-,c,a,l,i,b,r,a,t,e,d
s,t,e,p,s
o,r,g,a,n,i,z,e
g,u,i,d,e
T,o
d,o,n,e
f,a,c,i,l,i,t,a,t,e
a,v,a,i,l,a,b,i,l,i,t,y
m,a,c,h,i,n,e,r,y
t,e,c,h,n,i,c,i,a,n,s
a,c,c,e,s,s,i,b,l,e
l,a,n,e
c,i,r,c,u,l,a,t,i,o,n
b,e,n,e,f,i,t
e,f,f,e,c,t,i,v,e,l,y
F,u,n,d,s
M,e,a,s,u,r,e,s
s,u,b,s,i,d,i,e,s
p,r,o,c,u,r,e,m,e,n,t
c,o,n,d,u,c,t,e,d
t,i,m,e,l,y
g,r,a,i,n,-,g,r,o,w,e,r,s
m,o,t,i,v,a,t,e,d
i,d,e,n,t,i,f,i,e,d
c,o,n,t,i,n,u,e
o,p,t,i,m,i,z,e
m,i,x
e,x,p,a,n,d
e,n,h,a,n,c,e
d,r,i,v,i,n,g
f,u,n,d,a,m,e,n,t,a,l
u,n,d,e,r,p,i,n,n,i,n,g
a,d,d,r,e,s,s
c,h,a,l,l,e,n,g,e,s
e,x,t,e,r,n,a,l
b,a,s,e,d
o,w,n
w,e,l,l,-,d,e,f,i,n,e,d
p,r,i,o,r,i,t,i,e,s
a,h,e,a,d
p,r,e,p,a,r,e,d
f,o,r,w,a,r,d
r,i,p,e
m,a,t,t,e,r
c,r,i,t,i,c,a,l
s,e,l,f,-,r,e,l,i,a,n,t
h,a,r,n,e,s,s,e,d
C,o,n,c,e,r,t,e,d
f,i,n,e,-,t,u,n,e
r,e,v,i,e,w
r,e,g,a,r,d,i,n,g
p,r,o,j,e,c,t
S,u,b,-,n,a,t,i,o,n,a,l
e,a,r,n,e,s,t,l,y
u,n,l,o,c,k,e,d
s,t,r,i,v,e
h,i,g,h,e,r
e,x,p,a,n,d,i,n,g
p,u,t,t,i,n,g
C,l,e,a,n
p,r,o,m,o,t,e,d
i,n,t,e,n,s,i,f,i,e,d
M,a,r,k,e,t,-,o,r,i,e,n,t,e,d
a,p,p,r,o,a,c,h,e,s
a,p,p,l,i,e,d
t,o,w,a,r,d
E,f,f,o,r,t,s
r,e,n,o,v,a,t,e
c,o,n,s,e,r,v,e
r,e,s,o,u,r,c,e,s
r,e,d,u,c,e
c,a,r,b,o,n
e,m,i,s,s,i,o,n,s
f,l,e,x,i,b,l,e
u,p,g,r,a,d,e
h,e,a,t,i,n,g
a,i,m
t,r,a,n,s,f,o,r,m,i,n,g
2,2,0
k,i,l,o,w,a,t,t,s
S,u,c,h
r,o,u,t,i,n,e
r,e,p,a,i,r
m,a,i,n,t,e,n,a,n,c,e
u,n,i,t,s
a,v,o,i,d
d,i,s,r,u,p,t,i,n,g
F,i,n,a,n,c,i,a,l
N,u,c,l,e,a,r
d,e,v,e,l,o,p,e,d
a,b,s,o,l,u,t,e
W,i,t,h
p,r,e,p,a,r,a,t,i,o,n,s
c,o,m,p,r,e,h,e,n,s,i,v,e
S,a,n,m,e,n
Z,h,e,j,i,a,n,g
P,r,o,v,i,n,c,e
H,a,i,y,a,n,g
S,h,a,n,d,o,n,g
L,u,f,e,n,g
G,u,a,n,g,d,o,n,g
u,n,l,e,a,s,h
q,u,a,l,i,t,y
G,o,v,e,r,n,m,e,n,t
d,e,p,a,r,t,m,e,n,t,s
a,c,r,o,s,s
R,e,g,u,l,a,t,i,o,n,s
M,a,r,c,h
1,1
c,e,n,t,r,a,l
a,u,t,h,o,r,i,t,i,e,s
s,t,e,a,d,f,a,s,t
a,c,c,u,r,a,t,e
i,m,p,l,e,m,e,n,t,a,t,i,o,n
p,r,i,n,c,i,p,l,e
o,n,e
s,y,s,t,e,m,s
H,o,n,g
K,o,n,g
S,p,e,c,i,a,l
A,d,m,i,n,i,s,t,r,a,t,i,v,e
R,e,g,i,o,n
H,K,S,A,R
F,r,i,d,a,y
U,n,d,e,r
a,d,m,i,n,i,s,t,e,r
d,e,g,r,e,e
a,u,t,o,n,o,m,y
a,c,c,o,r,d,a,n,c,e
B,a,s,i,c
L,a,w
p,r,e,s,s
c,o,n,f,e,r,e,n,c,e
a,f,t,e,r
c,l,o,s,i,n,g
f,i,f,t,h
s,e,s,s,i,o,n
1,3,t,h
N,a,t,i,o,n,a,l
P,e,o,p,l,e,',s
m,o,s,t
b,o,n,d,s
m,o,m,e,n,t,u,m
T,u,e,s,d,a,y
c,o,m,p,l,e,x,i,t,i,e,s
l,a,n,d,s,c,a,p,e
W,h,e,n
f,o,r,m,u,l,a,t,i,n,g
y,e,a,r,',s
m,a,c,r,o
v,a,r,i,o,u,s
o,u,t,s,i,d,e
a,c,c,o,u,n,t
K,e,e,p,i,n,g
q,u,a,r,t,e,r
a,c,h,i,e,v,i,n,g
a,n,n,u,a,l
t,a,r,g,e,t
d,e,c,i,s,i,o,n,s
p,l,a,n,s
l,a,i,d
W,o,r,k
R,e,p,o,r,t
p,r,i,o,r,i,t,y
i,n,t,r,o,d,u,c,e,d
w,h,e,n,e,v,e,r
c,o,u,l,d
a,d,v,e,r,s,e,l,y
a,f,f,e,c,t
e,x,p,e,c,t,a,t,i,o,n,s
a,v,o,i,d,e,d
C,o,n,t,i,n,g,e,n,c,y
c,o,p,e
u,n,c,e,r,t,a,i,n,t,y
d,r,a,f,t,e,d
T,a,x
r,e,f,u,n,d
p,l,a,n,n,e,d
t,i,d,e
t,h,e,m
l,e,v,e,r,a,g,e
r,a,t,i,o
g,e,n,e,r,a,l,l,y
3,6,5
$,5,7,5
l,o,c,a,l
a,l,l,o,c,a,t,e,d
M,i,n,i,s,t,r,y
F,i,n,a,n,c,e
h,a,d
f,u,n,n,e,l,e,d
1,4,6
2,0,2,2
l,a,s,t
d,e,l,i,a,v,e,r
r,e,m,a,i,n,d,e,r
f,a,s,t,e,r
p,r,i,o,r,i,t,i,z,i,n,g
r,e,g,i,o,n,s
s,t,r,o,n,g
a,b,i,l,i,t,y
d,e,b,t
c,a,n,d,i,d,a,t,e
a,d,v,a,n,c,e
i,s,s,u,e,d
S,e,p,t,e,m,b,e,r
t,h,e,y
l,a,u,n,c,h
e,x,p,e,d,i,t,e,d
g,e,n,e,r,a,t,e
a,c,t,i,v,i,t,y
R,e,f,o,r,m,-,o,r,i,e,n,t,e,d
m,a,r,k,e,t,-,b,a,s,e,d
s,p,e,c,i,a,l,-,p,u,r,p,o,s,e
a,t,t,r,a,c,t
p,r,i,v,a,t,e
s,e,c,t,o,r
T,r,e,a,s,u,r,y
w,a,y
t,r,e,a,s,u,r,y
p,r,i,m,a,r,y,-,l,e,v,e,l
l,i,v,e,l,i,h,o,o,d
F,u,n,d
s,t,r,e,n,g,t,h,e,n,e,d
f,o,r,e,s,t,a,l,l
r,i,s,k,s
p,r,e,v,e,n,t
i,d,l,e,n,e,s,s
b,u,i,l,d,i,n,g,s
v,i,o,l,a,t,i,o,n
r,e,g,u,l,a,t,i,o,n,s
p,r,o,h,i,b,i,t,e,d
v,a,n,i,t,y
t,o,l,e,r,a,t,e,d
t,h,o,r,o,u,g,h
i,n,v,e,s,t,i,g,a,t,i,o,n
c,a,s,e,s
i,n,v,o,l,v,i,n,g
a,b,d,u,c,t,i,o,n
w,o,m,e,n
c,h,i,l,d,r,e,n
r,e,s,c,u,e
r,e,h,a,b,i,l,i,t,a,t,i,o,n
f,a,m,i,l,i,e,s
i,n,s,t,r,u,c,t,i,o,n
t,e,l,e,c,o,n,f,e,r,e,n,c,e
C,a,b,i,n,e,t
c,r,a,c,k,i,n,g
h,u,m,a,n
t,r,a,f,f,i,c,k,i,n,g
h,i,g,h,l,i,g,h,t,e,d
o,f,f,e,r
c,a,r,e
v,i,c,t,i,m,s
p,r,o,t,e,c,t
p,r,i,v,a,c,y
o,u,t,r,a,g,e,o,u,s
a,c,t
o,f,f,e,n,d,e,r,s
j,u,s,t,i,c,e
H,e
d,i,f,f,e,r,e,n,t
b,o,l,s,t,e,r
c,o,o,r,d,i,n,a,t,i,o,n
a,s,s,u,m,e
s,a,y,i,n,g
t,r,e,a,t
i,s,s,u,e,s
i,n,d,i,f,f,e,r,e,n,c,e
r,e,f,i,n,e
u,s,e,d
f,i,g,h,t
c,r,a,c,k,d,o,w,n,s
p,r,e,v,e,n,t,i,v,e
r,i,g,h,t,s
u,p,h,o,l,d
K,e,z,h,i
C,o,u,n,c,i,l,o,r
M,i,n,i,s,t,e,r
P,u,b,l,i,c
S,e,c,u,r,i,t,y
i,n,v,e,s,t,i,g,a,t,e,d
s,t,r,i,n,g,e,n,t,l,y
c,o,m,m,u,n,i,t,y,-,b,a,s,e,d
s,y,s,t,e,m
c,r,i,m,e
p,r,e,v,e,n,t,i,o,n
n,e,t,w,o,r,k
f,i,g,h,t,i,n,g
o,f,f,e,n,s,e,s
r,e,l,e,v,a,n,t
l,a,w,s
r,e,f,i,n,e,d
1,0,9,3,2
m,i,s,s,i,n,g
a,b,d,u,c,t,e,d
f,o,u,n,d
t,h,a,n,k,s
k,n,o,w,n
R,e,u,n,i,o,n
2,0,1,6
i,n,t,e,r,m,i,n,i,s,t,e,r,i,a,l
j,o,i,n,t
c,a,m,e
h,i,g,h,-,p,r,o,f,i,l,e
c,a,s,e
F,e,n,g,x,i,a,n
c,o,u,n,t,y
J,i,a,n,g,s,u
p,r,o,v,i,n,c,e
l,i,g,h,t
v,i,d,e,o
m,i,d,d,l,e,-,a,g,e,d
w,o,m,a,n
b,e,i,n,g
c,o,n,f,i,n,e,d
b,r,i,c,k
s,h,a,c,k
w,e,n,t
v,i,r,a,l
m,e,d,i,a
l,a,t,e
J,a,n,u,a,r,y
t,r,i,g,g,e,r,i,n,g
w,i,d,e,s,p,r,e,a,d
o,u,t,r,a,g,e
A,n
o,f,f,i,c,i,a,l
X,i,a,o,h,u,a,m,e,i
m,o,t,h,e,r
e,i,g,h,t
l,a,t,e,r
d,i,a,g,n,o,s,e,d
m,e,n,t,a,l
i,l,l,n,e,s,s,e,s
v,i,c,t,i,m
1,9,9,0,s
p,o,l,i,c,e
d,e,t,a,i,n,e,d
w,o,m,e,n,',s
h,u,s,b,a,n,d
i,l,l,e,g,a,l
d,e,t,e,n,t,i,o,n
c,o,u,p,l,e
A,n,o,t,h,e,r
1,7
o,f,f,i,c,i,a,l,s
w,e,r,e
p,u,n,i,s,h,e,d
w,r,o,n,g,d,o,i,n,g
d,e,r,e,l,i,c,t,i,o,n
d,u,t,y
c,o,n,n,e,c,t,i,o,n
i,t,s
r,e,b,a,t,e,s
n,a,v,i,g,a,t,e
S,m,a,l,l
f,i,r,m,s
l,a,r,g,e
c,o,v,e,r
w,i,d,e
h,e,l,p,i,n,g
s,t,r,e,s,s,i,n,g
f,i,n,a,n,c,i,a,l,l,y
s,t,r,a,p,p,e,d
c,o,u,n,t,r,y,',s
g,o,a,l
v,a,l,u,e,-,a,d,d,e,d
V,A,T
t,h,e,s,e
J,u,n,e
m,a,n,u,f,a,c,t,u,r,i,n,g
R,&,D,-,i,n,t,e,n,s,i,v,e
S,i,n,c,e
r,e,f,o,r,m
2,0,1,3
r,e,d,u,c,e,d
t,a,x,e,s
8,7
a,b,o,u,t
1,3,7,4
U,S
d,o,l,l,a,r,s
B,u,s,i,n,e,s,s,e,s
b,e,n,e,f,i,t,e,d
s,o,u,r,c,e,s
r,e,v,e,n,u,e
c,u,l,t,i,v,a,t,e
F,e,b
1,5
g,a,t,h,e,r
w,i,s,d,o,m
s,i,d,e,s
g,o,v,e,r,n,m,e,n,t,',s
s,p,e,c,i,f,i,e,d
W,h,i,l,e
c,h,a,i,r,i,n,g
b,r,i,e,f,e,d
h,a,n,d,l,i,n,g
s,u,g,g,e,s,t,i,o,n,s
d,e,p,u,t,i,e,s
C,o,n,g,r,e,s,s
N,P,C
p,r,o,p,o,s,a,l,s
C,o,n,s,u,l,t,a,t,i,v,e
C,o,n,f,e,r,e,n,c,e
C,P,P,C,C
L,a,s,t
o,f,f,i,c,e,s
h,a,n,d,l,e,d
8,6,6,6
5,7,1,8
s,u,b,m,i,t,t,e,d
a,c,c,o,u,n,t,i,n,g
9,6,4
9,3,4
r,e,s,p,e,c,t,i,v,e,l,y
4,3,0,0
p,i,e,c,e,s
a,d,v,i,c,e
s,u,b,s,e,q,u,e,n,t,l,y
1,6,0,0
s,e,s,s,i,o,n,s
t,a,k,i,n,g
s,o,o,n
c,o,l,l,e,c,t
v,i,a
m,e,a,n,s
h,o,t,l,i,n,e,s
m,e,s,s,a,g,e,s
d,e,c,i,s,i,o,n,-,m,a,k,i,n,g
p,r,o,c,e,s,s
p,l,a,y,e,d
s,u,p,p,o,r,t,i,n,g
n,o,t
y,e,t
r,e,c,o,v,e,r,e,d
f,a,c,e
s,l,e,w
s,t,r,o,n,g,e,r
S,p,e,c,i,f,i,c,a,l,l,y
i,n,c,o,m,e
r,e,d,u,c,t,i,o,n,s
e,x,e,m,p,t,i,o,n,s
p,r,o,l,o,n,g
d,e,f,e,r,r,a,l,s
m,e,d,i,u,m
m,i,c,r,o,-,s,i,z,e,d
s,c,o,p,e
i,m,p,r,o,v,e,d
p,r,o,v,i,d,i,n,g
i,n,c,e,n,t,i,v,e
c,a,l,l,i,n,g
m,i,d,-
m,a,n,u,f,a,c,t,u,r,e,r,s
c,o,s,t,s
s,h,o,r,e
w,e,a,k
l,i,n,k,s
s,p,e,e,d
a,d,o,p,t,i,o,n
c,a,r,b,o,n,-,c,u,t,t,i,n,g
t,e,c,h,n,o,l,o,g,i,e,s
R,e,g,a,r,d,i,n,g
t,r,a,n,s,p,o,r,t
f,a,c,e,d
f,o,r,m
a,n,c,h,o,r,i,n,g
a,m,i,d
c,o,m,p,l,i,c,a,t,e,d
b,u,l,k
c,o,m,m,o,d,i,t,i,e,s
u,s,a,g,e
d,a,i,l,y
l,i,f,e
o,i,l
g,a,s
g,o,o,d,s
u,p,c,o,m,i,n,g
S,p,r,i,n,g
F,e,s,t,i,v,a,l
l,i,v,e,s
r,e,m,a,i,n,e,d
e,a,s,y
f,e,a,t
I,t,',s
s,a,l,e
s,m,o,o,t,h,e,r
N,o,r,m,a,l
m,a,i,n,t,a,i,n,e,d
p,r,i,o,r,i,t,i,z,e,d
C,o,a,l,-,f,i,r,e,d
g,u,i,d,e,d
o,p,e,r,a,t,i,o,n,a,l
t,h,r,o,u,g,h
m,u,l,t,i,p,l,e
S,a,f,e
k,e,p,t
G,r,e,a,t,e,r
w,i,n,t,e,r
N,o,r,t,h
P,r,o,d,u,c,t,i,o,n
m,e,a,t
e,g,g,s
d,a,i,r,y
a,q,u,a,t,i,c
e,x,e,r,c,i,s,e,d
B,u,s,i,n,e,s,s
e,-,c,o,m,m,e,r,c,e
p,l,a,t,f,o,r,m,s
o,p,e,r,a,t,e
u,s,u,a,l
g,u,i,d,a,n,c,e
n,e,c,e,s,s,i,t,i,e,s
f,i,n,e,-,t,u,n,i,n,g
l,o,c,k,d,o,w,n
l,e,v,e,r,a,g,i,n,g
a,c,t,o,r,s
e,n,f,o,r,c,i,n,g
T,h,e,s,e
s,m,o,o,t,h,l,y
h,o,m,e,s
e,x,t,e,n,d
a,n,o,t,h,e,r
p,r,e,f,e,r,e,n,t,i,a,l
r,e,l,a,t,i,n,g
t,e,c,h,n,o,l,o,g,y
s,t,a,r,t,u,p,s
m,e,d,i,c,a,l
e,d,u,c,a,t,i,o,n
2,0,2,3
E,x,t,e,n,s,i,o,n
e,x,p,i,r,e,d
t,a,x,-,a,n,d
f,e,e,-,c,u,t
d,e,l,i,v,e,r
w,i,d,e,l,y
s,h,a,r,e,d
T,a,x,e,s
f,e,e,s
m,u,c,h
a,l,l,o,w
n,u,r,t,u,r,e
b,a,s,e
i,n,c,u,b,a,t,i,o,n
s,c,i,e,n,c,e
p,a,r,k,s
e,s,t,a,b,l,i,s,h,e,d
u,n,i,v,e,r,s,i,t,i,e,s
R,e,a,l
e,s,t,a,t,e
e,x,e,m,p,t
r,e,a,l
u,r,b,a,n
l,a,n,d,-,u,s,e
C,o,n,d,i,t,i,o,n,s
c,e,r,t,i,f,y,i,n,g
t,e,c,h,n,o,l,o,g,y,-,b,a,s,e,d
v,e,n,t,u,r,e
c,a,p,i,t,a,l
i,n,d,i,v,i,d,u,a,l
a,n,g,e,l
i,n,v,e,s,t,o,r,s
t,a,x,a,b,l,e
d,e,d,u,c,t,e,d
s,t,a,r,t,-,u,p,s
P,e,r,s,o,n,a,l
b,o,n,u,s,e,s
d,r,u,g,s
e,m,p,l,o,y,e,r,s
N,o,v
3,0
c,o,-,c,h,a,i,r,e,d
2,6,t,h
r,e,g,u,l,a,r
b,e,t,w,e,e,n
R,u,s,s,i,a,n
h,e,a,d,s
h,i,s
c,o,u,n,t,e,r,p,a,r,t
M,i,k,h,a,i,l
M,i,s,h,u,s,t,i,n
l,i,n,k
u,r,g,i,n,g
i,n,s,p,i,r,e
c,o,o,p,e,r,a,t,i,o,n
p,o,t,e,n,t,i,a,l
b,i,l,a,t,e,r,a,l
n,a,t,i,o,n,s
g,l,o,b,a,l
p,a,r,t,n,e,r,s
e,a,c,h
a,t,t,a,c,h,e,s
r,e,l,a,t,i,o,n,s
R,u,s,s,i,a
s,p,i,t,e
p,a,n,d,e,m,i,c
w,i,t,n,e,s,s,e,d
v,i,t,a,l,i,t,y
A,m,i,d
t,w,i,s,t,s
t,u,r,n,s
r,e,c,o,v,e,r,y
w,i,l,l,i,n,g
c,o,m,m,u,n,i,c,a,t,i,o,n
j,o,i,n,t,l,y
s,u,s,t,a,i,n,a,b,l,e
b,i,g,g,e,r
s,a,f,e,g,u,a,r,d,i,n,g
r,e,g,i,o,n,a,l
p,e,a,c,e
t,r,a,d,e
m,u,t,u,a,l
a,c,c,e,s,s
c,u,t,t,i,n,g,-,e,d,g,e
b,i,g
d,a,t,a
a,r,t,i,f,i,c,i,a,l
i,n,t,e,l,l,i,g,e,n,c,e
f,o,r,g,i,n,g
c,l,o,s,e,r
p,a,r,t,n,e,r,s,h,i,p
p,r,o,m,o,t,i,n,g
w,h,o,l,e
c,h,a,i,n
l,o,n,g
t,e,r,m
d,e,e,p,e,r
c,u,l,t,u,r,e
y,o,u,t,h
h,e,a,l,t,h
s,p,o,r,t,s
r,e,a,d,y
d,e,e,p,e,n
f,i,n,a,n,c,e
a,m,o,n,g
s,y,n,e,r,g,y
E,u,r,a,s,i,a,n
E,c,o,n,o,m,i,c
U,n,i,o,n
B,e,l,t
R,o,a,d
I,n,i,t,i,a,t,i,v,e
c,o,n,s,o,l,i,d,a,t,i,n,g
t,r,a,d,i,t,i,o,n,a,l
f,r,i,e,n,d,s,h,i,p
p,r,e,s,s,u,r,e,s
r,e,s,p,e,c,t
e,q,u,a,l,i,t,y
a,d,d,i,n,g
s,u,p,p,o,r,t,s
h,o,l,d,i,n,g
B,e,i,j,i,n,g
W,i,n,t,e,r
O,l,y,m,p,i,c,s
l,e,a,d,e,r,s
a,n,n,o,u,n,c,e,d
d,o,c,u,m,e,n,t,s
c,o,n,c,l,u,d,e,d
d,i,g,i,t,a,l
c,u,s,t,o,m,s
D,e,c
1,6
w,o,r,l,d
w,e,l,c,o,m,e
a,c,h,i,e,v,e
c,o,m,m,o,n
w,h,e,n
a,t,t,e,n,d,i,n,g
v,i,r,t,u,a,l
d,i,a,l,o,g,u,e
G,l,o,b,a,l
C,E,O
n,e,a,r,l,y
F,o,r,t,u,n,e
5,0,0
S,c,h,n,e,i,d,e,r
E,l,e,c,t,r,i,c
D,o,w
A,B,B
P,a,n,a,s,o,n,i,c
C,a,r,g,i,l,l
R,i,o
T,i,n,t,o
S,t,a,r,b,u,c,k,s
V,o,l,k,s,w,a,g,e,n
s,p,o,k,e
t,o,p,i,c,s
i,n,n,o,v,a,t,i,o,n,-,d,r,i,v,e,n
t,r,a,n,s,i,t,i,o,n
m,u,l,t,i,n,a,t,i,o,n,a,l
c,o,m,p,a,n,i,e,s,'
r,e,c,o,g,n,i,z,e,d
c,o,n,t,r,i,b,u,t,i,o,n,s
o,p,e,n,i,n,g,-,u,p
m,o,d,e,r,n,i,z,a,t,i,o,n
d,r,i,v,e
e,n,g,a,g,e,d
i,n,-,d,e,p,t,h
d,i,s,c,u,s,s,i,o,n,s
w,o,r,l,d,',s
l,a,r,g,e,s,t
h,u,g,e
v,i,g,o,r,o,u,s,l,y
s,t,r,a,t,e,g,y
c,o,n,t,i,n,u,o,u,s,l,y
i,n,s,p,i,r,e,d
i,d,e,a,s
i,n,n,o,v,a,t,i,o,n
u,n,l,e,a,s,h,e,d
i,n,s,t,i,t,u,t,i,o,n,a,l
e,x,t,r,a
d,e,d,u,c,t,i,o,n
r,e,s,e,a,r,c,h
e,x,p,e,n,s,e,s
o,v,e,r,p,a,i,d
s,h,a,r,e
u,p,g,r,a,d,i,n,g
i,n,c,e,n,t,i,v,e,s
T,h,r,o,u,g,h
c,l,i,m,a,t,e
c,h,a,l,l,e,n,g,e
s,u,r,e
p,a,t,h
f,u,n,c,t,i,o,n,s
f,o,s,t,e,r
w,o,r,l,d,-,c,l,a,s,s
g,o,v,e,r,n,e,d
l,e,g,a,l
f,r,a,m,e,w,o,r,k
i,n,t,e,l,l,e,c,t,u,a,l
p,r,o,p,e,r,t,y
e,q,u,a,l
t,r,e,a,t,m,e,n,t
f,o,r,e,i,g,n,-,i,n,v,e,s,t,e,d
f,o,r,e,i,g,n
p,r,o,m,o,t,i,o,n
h,i,g,h,l,y
a,t,t,r,a,c,t,i,v,e
d,e,s,t,i,n,a,t,i,o,n
r,u,n
U,p,d,a,t,i,n,g
p,a,r,t,i,c,i,p,a,n,t,s
s,t,a,t,e
p,r,o,m,i,n,e,n,t
p,u,r,s,u,e
s,t,r,u,c,t,u,r,a,l
a,d,j,u,s,t,m,e,n,t
p,r,o,p,e,r
1,5,0
e,v,e,r,y
o,v,e,r,c,o,m,e
u,n,l,o,c,k
i,n,t,e,r,n,a,l
d,y,n,a,m,i,s,m
s,o,l,i,d,i,f,y
e,x,t,e,n,s,i,v,e,l,y
e,n,t,r,e,p,r,e,n,e,u,r,s,h,i,p
i,n,i,t,i,a,t,i,v,e
i,n,g,e,n,u,i,t,y
p,o,o,l,i,n,g
s,t,r,e,n,g,t,h
d,e,s,i,g,n
e,x,e,c,u,t,e
a,r,o,u,n,d
r,a,m,p
l,o,w,e,r,i,n,g
c,o,s,t
l,e,s,s,e,n
c,o,r,p,o,r,a,t,e
b,u,r,d,e,n,s
e,x,p,r,e,s,s,e,d
a,p,p,r,e,c,i,a,t,i,o,n
v,a,l,u,a,b,l,e
a,p,p,l,a,u,d,e,d
a,c,t,i,v,e
a,d,d,r,e,s,s,i,n,g
c,h,a,n,g,e
T,h,e,y
o,p,t,i,m,i,s,m
f,u,t,u,r,e
r,e,a,d,i,n,e,s,s
a,c,t,i,v,e,l,y
p,a,r,t,i,c,i,p,a,t,e
c,o,n,t,r,i,b,u,t,e
d,e,s,i,r,e
s,e,n,d
p,o,s,i,t,i,v,e
m,e,s,s,a,g,e
w,o,r,k,i,n,g
t,o,g,e,t,h,e,r
J,u,l,y
1,4
f,i,x
d,i,s,c,o,v,e,r,e,d
a,u,d,i,t,s
b,u,d,g,e,t
e,x,p,e,n,d,i,t,u,r,e,s
f,a,r,m,e,r,s,'
s,o,l,i,d
r,e,c,t,i,f,i,c,a,t,i,o,n
s,e,v,e,r,e,l,y
p,u,n,i,s,h
v,i,o,l,a,t,i,o,n,s
s,c,a,l,p,i,n,g
e,v,a,s,i,o,n
T,y,p,i,c,a,l
p,u,b,l,i,c,l,y
e,x,p,o,s,e,d
t,i,g,h,t,e,n
b,e,l,t,s
i,n,t,e,r,e,s,t,s
r,e,d,u,c,i,n,g
o,v,e,r,s,e,a,s
v,i,s,i,t,s
g,o,v,e,r,n,m,e,n,t,-,p,r,o,c,u,r,e,d
r,e,c,e,p,t,i,o,n,s
V,i,o,l,a,t,i,o,n,s
a,d,m,i,n,i,s,t,r,a,t,i,v,e
a,l,l,o,w,e,d
b,e,n,e,f,i,t,i,n,g
c,u,t,t,i,n,g
e,l,d,e,r,l,y
e,m,b,e,z,z,l,e,m,e,n,t
v,i,t,a,l,i,z,a,t,i,o,n
d,e,m,a,n,d
c,o,n,n,e,c,t
m,a,r,k,e,t,s
f,a,r,m,s
c,o,o,p,e,r,a,t,i,v,e,s
I,n,t,e,r,n,e,t
P,l,u,s
a,p,p,r,o,a,c,h
d,e,v,e,l,o,p
s,p,e,c,i,a,l,i,z,e,d
c,o,l,d,-,c,h,a,i,n
p,r,o,c,e,s,s,i,n,g
s,a,l,e,s
a,v,a,i,l,a,b,l,e
v,i,l,l,a,g,e,s
c,o,u,r,i,e,r
p,o,s,t,a,l
J,a,n
4
p,r,a,c,t,i,c,e
l,i,s,t,-,b,a,s,e,d
r,e,q,u,i,r,i,n,g
r,e,g,u,l,a,t,e
e,x,e,r,c,i,s,e
c,a,t,e,g,o,r,y,-,b,a,s,e,d
c,r,e,d,i,t
f,a,i,r,e,r
B,o,t,h
a,i,m,e,d
f,o,s,t,e,r,i,n,g
c,o,n,t,i,n,u,i,n,g
g,o,v,e,r,n,m,e,n,t,-,i,m,p,o,s,e,d
t,r,a,n,s,a,c,t,i,o,n
s,i,g,n,i,f,i,c,a,n,c,e
u,r,g,e,n,t
p,r,e,s,e,n,t
r,e,l,a,t,i,v,e,l,y
L,i,s,t
I,t,e,m,s
R,e,q,u,i,r,i,n,g
A,p,p,r,o,v,a,l
S,t,i,p,u,l,a,t,e,d
L,a,w,s
D,e,c,i,s,i,o,n,s
E,d,i,t,i,o,n
p,r,o,v,i,n,c,e,s
c,i,t,i,e,s
c,o,u,n,t,i,e,s
c,o,m,p,i,l,i,n,g
l,i,s,t,s
s,h,a,l,l
s,t,i,p,u,l,a,t,e,d
l,a,w
i,n,f,o,r,m,a,t,i,o,n
e,l,e,m,e,n,t,s
c,o,v,e,r,e,d
b,r,o,a,d,l,y
u,n,i,f,i,e,d
s,e,e
i,t,e,m
p,r,o,c,e,s,s,e,d
s,t,a,n,d,a,r,d,s
l,i,s,t
c,o,m,p,i,l,e,d
l,o,c,a,l,i,t,y
g,o
b,e,y,o,n,d
c,o,m,p,e,t,e,n,t
f,o,l,l,o,w
P,r,o,c,e,d,u,r,e,s
t,r,a,n,s,p,a,r,e,n,t
s,h,a,p,e
I,m,p,l,e,m,e,n,t,a,t,i,o,n
p,r,o,t,o,c,o,l,s
r,e,q,u,i,r,e,m,e,n,t,s
m,a,t,e,r,i,a,l,s
c,h,a,r,g,i,n,g
c,l,e,a,r,l,y
r,e,l,e,a,s,e,d
N,o
i,m,p,o,s,e,d
a,g,a,i,n,s,t
a,n,y
D,i,s,g,u,i,s,e,d
o,v,e,r,h,a,u,l,e,d
r,e,s,p,o,n,s,i,b,l,e
O,v,e,r,s,i,g,h,t
s,p,e,c,i,f,y
o,v,e,r,s,e,e,i,n,g
r,e,g,u,l,a,t,o,r,y
r,u,l,e,s
P,r,i,o,r,i,t,y
d,i,r,e,c,t,l,y
c,o,n,c,e,r,n,i,n,g
p,o,s,s,e,s,s,i,n,g
S,e,r,v,i,c,e
b,o,l,s,t,e,r,e,d
P,r,a,c,t,i,c,e,s
n,o,t,i,f,i,c,a,t,i,o,n
c,o,m,m,i,t,m,e,n,t
i,n,t,e,g,r,a,t,e,d
o,n,e,-,s,t,o,p
o,n,-,l,i,n,e
e,a,s,i,e,r
c,i,t,i,z,e,n,s
L,o,w,e,r
p,r,e,d,i,c,t,a,b,l,e
c,o,n,f,i,d,e,n,c,e
c,r,e,a,t,i,v,i,t,y
R,o,l,l,i,n,g
p,o,l,i,c,e,s
e,n,a,b,l,e,d
g,r,o,u,n,d,w,o,r,k
p,l,a,y,e,r,s
d,i,s,t,u,r,b,e,d
c,o,m,p,e,t,e
l,e,v,e,l,-,p,l,a,y,i,n,g
f,i,e,l,d
h,o,n,e,s,t,y
f,a,i,t,h
c,o,m,p,e,t,i,t,i,o,n
p,u,r,s,u,e,d
r,a,n,d,o,m
s,e,l,e,c,t,i,o,n
i,n,s,p,e,c,t,o,r,s
i,n,s,p,e,c,t,i,o,n
p,r,o,m,p,t
r,e,l,e,a,s,e
r,e,s,u,l,t,s
s,t,a,n,d
m,a,k,i,n,g
b,a,d
C,r,e,d,i,t
c,o,r,n,e,r,s,t,o,n,e
R,e,g,u,l,a,t,i,o,n
M,a,r,k,e,t
p,o,o,r
r,e,c,o,r,d
f,r,e,q,u,e,n,t
s,t,r,i,n,g,e,n,t
s,u,p,e,r,v,i,s,i,o,n
c,a,t,e,g,o,r,i,z,i,n,g
I,n,f,o,r,m,a,t,i,o,n
c,o,l,l,e,c,t,e,d
r,e,g,i,s,t,r,a,t,i,o,n
f,i,l,i,n,g
p,e,n,a,l,t,i,e,s
i,n,c,l,u,s,i,o,n
c,a,t,a,l,o,g,u,e
a,n,o,m,a,l,i,e,s
a,c,t,s
f,o,r,m,s
o,w,n,e,r,s,h,i,p
c,a,t,e,g,o,r,i,z,e,d
c,a,t,e,g,o,r,i,z,a,t,i,o,n
g,u,a,r,d
b,e,h,a,v,i,n,g
i,r,r,e,s,p,o,n,s,i,b,l,y
e,n,f,o,r,c,e,m,e,n,t
f,r,e,q,u,e,n,c,y
s,a,m,p,l,e,d
i,n,s,p,e,c,t,i,o,n,s
l,o,w
r,e,c,o,r,d,s
t,a,r,g,e,t,e,d
c,h,e,c,k,s
o,n,-,s,i,t,e
I,n,t,e,r,-,a,g,e,n,c,y
w,h,o,l,e,-,p,r,o,c,e,s,s
b,e,a,r
d,r,u,g
e,q,u,i,p,m,e,n,t
S,o,u,n,d
m,o,d,e,l,s
r,o,o,m
R,i,s,k
m,o,n,i,t,o,r,i,n,g
w,a,r,n,i,n,g
e,n,h,a,n,c,e,d
B,i,g
a,n,a,l,y,s,i,s
m,e,t,h,o,d,s
e,m,p,l,o,y,e,d
i,d,e,n,t,i,f,y
a,l,e,r,t
c,o,n,c,e,r,n,e,d
f,r,o,n,t,-,l,o,a,d
d,e,f,u,s,e
l,a,t,e,n,t
6
U,K
e,x,p,r,e,s,s,i,n,g
h,o,p,e,s
t,r,u,s,t
d,e,e,p,e,n,i,n,g
m,u,t,u,a,l,l,y
b,e,n,e,f,i,c,i,a,l
w,i,n,-,w,i,n
t,i,e,s
c,u,r,r,e,n,t
p,e,r,m,a,n,e,n,t
U,n,i,t,e,d
N,a,t,i,o,n,s
e,c,o,n,o,m,i,e,s
r,e,p,r,e,s,e,n,t
d,e,f,e,n,d,i,n,g
m,u,l,t,i,l,a,t,e,r,a,l
C,h,i,n,a,-,U,K
r,e,l,a,t,i,o,n,s,h,i,p
c,o,n,d,u,c,i,v,e
m,a,i,n,t,a,i,n,i,n,g
f,r,e,e
r,e,s,p,o,n,d,i,n,g
e,n,h,a,n,c,i,n,g
p,e,o,p,l,e,s
c,o,n,s,o,l,i,d,a,t,e
s,e,e,k
g,r,o,u,n,d
s,h,e,l,v,i,n,g
d,i,f,f,e,r,e,n,c,e,s
c,o,n,s,e,n,s,u,s
d,i,v,e,r,g,e,n,c,e,s
C,a,l,l,i,n,g
m,a,n,k,i,n,d
c,o,m,m,u,n,i,t,y
s,o,l,i,d,a,r,i,t,y
u,l,t,i,m,a,t,e
v,i,c,t,o,r,y
v,a,c,c,i,n,e,s
v,a,c,c,i,n,e,-,r,e,l,a,t,e,d
s,t,r,e,n,g,t,h,e,n,i,n,g
c,o,m,m,u,n,i,c,a,t,i,o,n,s
p,a,r,t,i,e,s
s,h,a,r,i,n,g
a,c,h,i,e,v,e,m,e,n,t,s
s,c,i,e,n,t,i,f,i,c
a,c,c,e,l,e,r,a,t,e
d,e,f,e,a,t,i,n,g
s,t,a,t,e,d
g,o,a,l,s
p,e,a,k,i,n,g
2,0,3,0
n,e,u,t,r,a,l,i,t,y
2,0,6,0
i,n,e,v,i,t,a,b,l,e
w,i,l,l,i,n,g,n,e,s,s
u,n,s,w,e,r,v,i,n,g,l,y
i,n,d,u,s,t,r,y
o,p,e,n,i,n,g
p,a,r,a,d,i,g,m
d,e,v,o,t,e
o,u,r,s,e,l,v,e,s
c,r,e,a,t,i,n,g
t,r,e,a,t,i,n,g
e,q,u,a,l,l,y
w,e,l,c,o,m,i,n,g
B,r,i,t,a,i,n
j,u,s,t
n,o,n,-,d,i,s,c,r,i,m,i,n,a,t,o,r,y
i,n,v,e,s,t
h,i,s,t,o,r,y
s,p,l,e,n,d,i,d
e,x,c,h,a,n,g,e,s
b,o,a,s,t
h,o,p,e,d
c,o,n,c,e,p,t,s
o,p,e,n,n,e,s,s
t,o,l,e,r,a,n,c,e
i,n,c,l,u,s,i,v,e,n,e,s,s
d,i,v,e,r,s,i,t,y
c,i,v,i,l,i,z,a,t,i,o,n,s
c,o,l,o,r,f,u,l
c,i,v,i,l,i,z,a,t,i,o,n
s,o,c,i,e,t,y
a,w,a,r,e,n,e,s,s
u,n,d,e,r,s,t,a,n,d,i,n,g
f,a,c,t,o,r,s
B,r,i,t,i,s,h
p,a,r,t,n,e,r
g,r,e,a,t,l,y
v,a,l,u,e,s
a,g,r,i,c,u,l,t,u,r,e
h,e,a,l,t,h,c,a,r,e
l,o,o,k,s
p,r,a,c,t,i,c,a,l
r,e,n,o,w,n,e,d
i,n,s,t,i,t,u,t,i,o,n,s
S,t,a,n,d,a,r,d
L,i,f,e
D,i,a,g,e,o
J,a,r,d,i,n,e
M,a,t,h,e,s,o,n
A,s,t,r,a,Z,e,n,e,c,a
W,a,l,g,r,e,e,n,s
B,o,o,t,s
A,l,l,i,a,n,c,e
P,e,t,r,o,l,e,u,m
2,9
P,r,e,s,i,d,e,n,t
X,i
J,i,n,p,i,n,g
V,l,a,d,i,m,i,r
P,u,t,i,n
s,e,n,t
c,o,n,g,r,a,t,u,l,a,t,o,r,y
l,e,t,t,e,r,s
t,h,i,r,d
C,h,i,n,a,-,R,u,s,s,i,a
F,o,r,u,m
b,e,g,i,n,n,i,n,g
c,e,l,e,b,r,a,t,i,n,g
2,0,t,h
a,n,n,i,v,e,r,s,a,r,y
s,i,g,n,i,n,g
T,r,e,a,t,y
G,o,o,d,-,N,e,i,g,h,b,o,r,l,i,n,e,s,s
F,r,i,e,n,d,l,y
C,o,o,p,e,r,a,t,i,o,n
p,u,s,h,e,d
s,t,r,a,t,e,g,i,c
a,l,l,-,r,o,u,n,d
a,c,h,i,e,v,e,d
f,r,u,i,t,f,u,l
d,i,r,e,c,t,i,o,n
w,a,y,s
r,e,m,a,r,k,a,b,l,e
d,e,m,o,n,s,t,r,a,t,e,d
b,r,o,a,d
e,r,a
f,o,r,g,e
t,a,c,k,l,e
R,u,s,s,i,a,-,C,h,i,n,a
u,n,p,r,e,c,e,d,e,n,t,e,d,l,y
c,r,o,s,s,-,b,o,r,d,e,r
p,i,p,e,l,i,n,e,s
o,p,e,r,a,t,i,n,g
s,t,a,b,l,y
l,i,q,u,e,f,i,e,d
n,a,t,u,r,a,l
A,r,c,t,i,c
r,e,g,i,o,n
e,x,p,l,o,r,e
i,n,f,o,r,m,a,t,i,z,a,t,i,o,n
e,n,r,i,c,h
f,o,u,r,-,p,o,i,n,t
p,r,o,p,o,s,a,l
c,e,r,e,m,o,n,y
o,f,f,-,l,i,n,e
M,o,s,c,o,w
a,l,w,a,y,s
w,i,d,e,-,r,a,n,g,i,n,g
p,e,r,s,o,n,a,l
r,e,a,c,h,e,d
h,i,g,h,-,l,e,v,e,l
t,h,e,n
p,r,o,p,o,s,a,l,:
p,a,t,t,e,r,n
u,p,p,e,r
l,o,w,e,r
c,o,n,n,o,t,a,t,i,o,n,s
p,i,l,o,t
a,l,i,g,n,m,e,n,t
j,o,i,n
h,a,n,d,s
r,e,n,e,w,a,b,l,e
h,y,d,r,o,g,e,n
s,m,a,r,t
M,O,S,C,O,W
i,n,t,e,r,s,t,a,t,e
a,r,e,n,a
a,p,p,r,e,c,i,a,t,e
u,s
t,r,e,a,t,s
p,r,e,s,i,d,e,n,t
f,o,r,u,m
T,u,r,n,i,n,g
e,c,o,n,o,m,i,c,a,l,l,y
s,h,o,u,l,d,n,',t
c,o,n,t,a,i,n,e,d
s,a,n,c,t,i,o,n,s
c,o,n,t,e,x,t
u,n,j,u,s,t,i,f,i,e,d
c,o,n,t,r,a,d,i,c,t
n,o,r,m,s
A,s,k,e,d
m,i,l,i,t,a,r,y
r,i,g,h,t
d,e,f,e,n,d
i,t,s,e,l,f
d,o,e,s
t,h,r,e,a,t
s,i,g,n,i,f,i,c,a,n,t
f,a,c,t,o,r
c,o,n,t,r,i,b,u,t,i,n,g
s,a,t,i,s,f,i,e,d
t,h,i,n,k
e,v,e,n
m,e,a,n,i,n,g,f,u,l
l,e,a,d
W,A,S,H,I,N,G,T,O,N
2,8
a,m,b,a,s,s,a,d,o,r,s
s,t,o,p
u,s,i,n,g
v,a,l,u,e,-,b,a,s,e,d
d,i,p,l,o,m,a,c,y
p,r,o,v,o,k,e
d,i,v,i,s,i,o,n
c,o,n,f,r,o,n,t,a,t,i,o,n
a,r,r,a,y
A,m,b,a,s,s,a,d,o,r
S,t,a,t,e,s
Q,i,n
G,a,n,g
A,n,a,t,o,l,y
A,n,t,o,n,o,v
c,o,-,a,u,t,h,o,r,e,d
a,r,t,i,c,l,e
R,e,s,p,e,c,t,i,n,g
D,e,m,o,c,r,a,t,i,c
R,i,g,h,t,s
p,u,b,l,i,s,h,e,d
I,n,t,e,r,e,s,t
w,e,b,s,i,t,e
U,S,-,l,e,d
s,o,-,c,a,l,l,e,d
o,n,l,i,n,e
S,u,m,m,i,t
D,e,m,o,c,r,a,c,y
e,v,i,d,e,n,t
p,r,o,d,u,c,t
C,o,l,d,-,W,a,r
m,e,n,t,a,l,i,t,y
e,v,e,n,t
s,t,o,k,e
i,d,e,o,l,o,g,i,c,a,l
r,i,f,t
',d,i,v,i,d,i,n,g
l,i,n,e,s,'
t,r,e,n,d
c,o,n,t,r,a,d,i,c,t,s
m,o,d,e,r,n
i,m,p,o,s,s,i,b,l,e
s,h,a,p,i,n,g
p,o,l,y,c,e,n,t,r,i,c
a,r,c,h,i,t,e,c,t,u,r,e
b,u,t
s,t,r,a,i,n
o,b,j,e,c,t,i,v,e
f,i,r,m,l,y
r,e,j,e,c,t
m,o,v,e
f,a,i,r,n,e,s,s
d,e,m,o,c,r,a,c,y
f,r,e,e,d,o,m
h,u,m,a,n,i,t,y
p,r,e,r,o,g,a,t,i,v,e
u,n,i,v,e,r,s,a,l
m,o,d,e,l
f,i,t
W,h,e,t,h,e,r
d,e,p,e,n,d,s
w,h,e,t,h,e,r
m,e,e,t,s
r,e,a,l,i,t,i,e,s
f,o,l,l,o,w,s
t,i,m,e,s
b,r,i,n,g,s
U,l,t,i,m,a,t,e,l,y
r,e,l,i,e,s
p,r,o,v,e,n
c,o,n,t,r,i,b,u,t,i,o,n
T,h,e,r,e,f,o,r,e
c,r,i,t,e,r,i,o,n
i,e
g,o,v,e,r,n
m,e,t
s,e,n,s,e
f,u,l,f,i,l,l,m,e,n,t
h,a,p,p,i,n,e,s,s
w,r,o,t,e
I,f
o,n,l,y
a,w,a,k,e,n,e,d
c,a,s,t,i,n,g
v,o,t,e,s
h,i,b,e,r,n,a,t,i,o,n
v,o,t,i,n,g
i,f
s,e,r,v,e,d
s,w,e,e,t,-,s,o,u,n,d,i,n,g
s,l,o,g,a,n,s
c,a,m,p,a,i,g,n,s
s,a,y
e,l,e,c,t,i,o,n
w,o,o,e,d
c,a,n,v,a,s,s,i,n,g
l,e,f,t
c,o,l,d
g,e,n,u,i,n,e
W,h,a,t
e,x,t,e,n,s,i,v,e
s,o,c,i,a,l,i,s,t
r,e,f,l,e,c,t,s
s,u,i,t,s
d,e,m,o,c,r,a,t,i,c
f,e,d,e,r,a,t,i,v,e
l,a,w,-,g,o,v,e,r,n,e,d
r,e,p,u,b,l,i,c,a,n
R,u,s,s,i,a,',s
p,o,l,i,t,i,c,a,l
r,e,f,l,e,c,t,e,d
t,r,u,l,y
h,e,g,e,m,o,n,y
a,b,r,o,a,d
u,n,i,t,y
p,r,o,s,p,e,r,i,t,y
g,o,e,s
r,e,s,p,e,c,t,f,u,l
d,e,s,p,i,t,e
v,i,e,w,s
s,o,v,e,r,e,i,g,n,t,y
v,i,o,l,a,t,e,d
i,n,t,e,r,f,e,r,i,n,g
c,o,u,n,t,r,i,e,s,'
a,f,f,a,i,r,s
p,r,e,t,e,x,t
p,r,o,t,e,c,t,i,n,g
h,i,n,d,e,r,i,n,g
w,i,e,l,d,i,n,g
s,t,i,c,k
i,n,f,r,i,n,g,i,n,g
t,e,r,r,i,t,o,r,i,a,l
i,n,t,e,g,r,i,t,y
U,N
C,h,a,r,t,e,r
o,b,v,i,o,u,s,l,y
a,n,t,i,-,d,e,m,o,c,r,a,t,i,c
I,n,t,e,r,n,a,t,i,o,n,a,l
p,r,i,n,c,i,p,l,e,s
c,o,n,s,u,l,t,a,t,i,o,n
s,p,i,r,i,t
t,r,u,e
m,u,l,t,i,l,a,t,e,r,a,l,i,s,m
S,e,e,k,i,n,g
s,u,p,r,e,m,a,c,y
o,n,e,s,e,l,f
h,e,g,e,m,o,n,i,s,m
u,n,i,l,a,t,e,r,a,l,i,s,m
s,e,e,n
s,h,o,r,t,a,g,e
w,a,r,s
t,u,r,m,o,i,l
w,o,r,l,d,w,i,d,e
p,r,o,v,e
s,p,r,e,a,d,i,n,g
u,n,d,e,r,m,i,n,e
b,o,m,b,i,n,g,s
Y,u,g,o,s,l,a,v,i,a
i,n,t,e,r,v,e,n,t,i,o,n
I,r,a,q
A,f,g,h,a,n,i,s,t,a,n
L,i,b,y,a
n,o,t,h,i,n,g
h,a,r,m
i,n,s,t,e,a,d
c,o,n,d,e,s,c,e,n,d,i,n,g,l,y
c,r,i,t,i,c,i,z,i,n,g
o,t,h,e,r,s
C,e,r,t,a,i,n
t,h,e,m,s,e,l,v,e,s
w,h,a,t
g,o,i,n,g
I,s
r,a,l,l,i,e,s
d,i,s,p,e,r,s,e,d
r,u,b,b,e,r
b,u,l,l,e,t,s
t,e,a,r
l,o,o,k
v,e,r,y
F,a,c,e,d
u,r,g,e,n,t,l,y
t,o,d,a,y
c,o,u,n,t,e,r
n,e,u,t,r,a,l,i,z,e
t,h,r,e,a,t,s
c,a,l,l
c,o,u,n,t,r,i,e,s,:
h,a,r,m,o,n,i,o,u,s
c,o,e,x,i,s,t,e,n,c,e
i,d,e,o,l,o,g,i,e,s
h,i,s,t,o,r,i,e,s
c,u,l,t,u,r,e,s
2,6
c,o,n,d,o,l,e,n,c,e
m,i,n,e
a,c,c,i,d,e,n,t
c,a,u,s,e,d
h,e,a,v,y
c,a,s,u,a,l,t,i,e,s
s,h,o,c,k,e,d
l,e,a,r,n
e,x,p,l,o,s,i,o,n
o,c,c,u,r,r,e,d
B,e,l,o,v,o
c,i,t,y
K,e,m,e,r,o,v,o
b,e,h,a,l,f
n,a,m,e
d,e,e,p
c,o,n,d,o,l,e,n,c,e,s
s,i,n,c,e,r,e
s,y,m,p,a,t,h,i,e,s
b,e,r,e,a,v,e,d
H,O,N,G
K,O,N,G
s,t,r,o,n,g,l,y
o,b,j,e,c,t,e,d
f,a,l,s,e
B,r,i,t,a,i,n,',s
s,i,x,-,m,o,n,t,h,l,y
r,e,p,o,r,t
c,l,e,a,r
r,e,p,e,a,t,e,d,l,y
i,n,t,e,r,v,e,n,i,n,g
i,n,t,e,r,f,e,r,e,n,c,e
v,i,o,l,a,t,e,s
n,o,n,-,i,n,t,e,r,v,e,n,t,i,o,n
c,o,m,m,e,n,t,s
s,m,e,a,r,i,n,g
t,r,u,t,h
a,d,o,p,t,i,n,g
d,o,u,b,l,e
s,p,o,k,e,s,m,a,n
A,n,y
p,e,r,s,o,n
v,i,t,a,l
r,e,s,t,o,r,e,d
s,a,f,e,g,u,a,r,d,e,d
e,n,j,o,y
f,r,e,e,d,o,m,s
e,m,p,h,a,s,i,z,e,d
a,c,t,i,o,n,s
a,g,e,n,c,i,e,s
e,v,i,d,e,n,c,e
s,t,a,n,c,e
b,a,c,k,g,r,o,u,n,d
o,c,c,u,p,a,t,i,o,n
P,r,o,s,e,c,u,t,o,r,i,a,l
D,e,p,a,r,t,m,e,n,t
J,u,s,t,i,c,e
a,p,p,l,i,c,a,b,l,e
P,r,o,s,e,c,u,t,i,o,n
C,o,d,e
b,e,n,c,h,m,a,r,k
i,r,r,e,s,p,e,c,t,i,v,e
b,e,l,i,e,f,s
d,e,f,e,n,d,a,n,t,s
c,o,n,s,t,i,t,u,t,i,o,n,a,l
j,u,d,g,e,s
j,u,d,i,c,i,a,l
e,l,s,e
o,p,p,o,s,e,d
m,i,s,l,e,a,d,i,n,g
c,l,a,i,m,s
p,o,l,i,t,i,c,i,a,n,s
i,m,p,r,o,v,e,m,e,n,t
K,o,n,g,',s
e,l,e,c,t,o,r,a,l
c,o,m,m,i,t,t,e,d
e,l,e,c,t,i,o,n,s
T,h,u,r,s,d,a,y
v,o,i,c,e,d
o,p,p,o,s,i,t,i,o,n
d,i,s,a,p,p,r,o,v,a,l
d,i,s,t,o,r,t,e,d
b,l,a,t,a,n,t,l,y
m,e,d,d,l,e,d
t,r,a,m,p,l,e,d
u,p,o,n
g,o,v,e,r,n,i,n,g
s,p,o,k,e,s,p,e,r,s,o,n
O,f,f,i,c,e
C,o,m,m,i,s,s,i,o,n,e,r
F,o,r,e,i,g,n
A,f,f,a,i,r,s
d,e,f,e,n,d,e,d
C,o,u,n,t,r,y
T,w,o
S,y,s,t,e,m,s
o,r,d,e,r
t,r,a,n,q,u,i,l,i,t,y
p,r,o,t,e,c,t,e,d
H,K,S,A,R,',s
b,o,d,y
s,h,o,w,n
d,i,s,r,e,g,a,r,d
l,o,n,g,i,n,g
c,h,o,s,e,n
o,p,e,n,l,y
m,e,d,d,l,e
S,e,p,a,r,a,t,e,l,y
e,m,b,a,s,s,y
l,o,d,g,e,d
s,o,l,e,m,n
r,e,p,r,e,s,e,n,t,a,t,i,o,n
s,i,d,e
r,e,i,t,e,r,a,t,e,d
j,u,r,i,s,d,i,c,t,i,o,n
h,a,n,d,o,v,e,r
J,o,i,n,t
D,e,c,l,a,r,a,t,i,o,n
e,x,c,u,s,e
i,n,t,e,r,f,e,r,e
o,n,c,e
a,g,a,i,n
u,r,g,e
r,e,c,o,g,n,i,z,e
r,e,a,l,i,t,y
d,i,s,r,u,p,t,i,o,n,s
g,e,o,p,o,l,i,t,i,c,s
G,-,7
w,e,e,k,e,n,d
s,i,x,-,m,o,n,t,h
l,a,v,i,s,h,i,n,g
a,s,p,e,r,s,i,o,n,s
m,u,c,h,-,n,e,e,d,e,d
a,m,m,u,n,i,t,i,o,n
b,a,s,h,i,n,g
B,u,t
D,o,m,i,n,i,c
R,a,a,b
d,i,s,a,p,p,o,i,n,t,e,d
a,l,l,i,e,s
o,n,g,o,i,n,g
C,h,i,n,a,-,b,a,s,h,i,n,g
c,r,u,s,a,d,e
m,e,r,e,l,y
r,e,p,e,a,t,i,n,g
e,m,p,t,y
p,l,a,t,i,t,u,d,e,s
b,r,e,a,c,h,e,s
1,9,8,4
f,o,r,e,w,o,r,d
r,e,p,o,r,t,ï¼
c,l,a,i,m
w,i,t,h,o,u,t
c,i,t,i,n,g
d,e,c,l,a,r,a,t,i,o,n
i,n,v,a,r,i,a,b,l,y
f,a,i,l,e,d
s,u,b,s,t,a,n,t,i,a,t,e
c,h,a,l,l,e,n,g,e,d
l,e,g,i,s,l,a,t,o,r,s
g,e,n,u,i,n,e,l,y
a,c,c,u,s,a,t,i,o,n
h,u,r,l,e,d
o,b,l,i,g,a,t,i,o,n,s
u,n,d,e,r,m,i,n,i,n,g
d,r,a,s,t,i,c,a,l,l,y
c,u,r,t,a,i,l
S,A,R
b,e,w,i,l,d,e,r,e,d
w,a,t,c,h,e,r,s
p,r,o,m,u,l,g,a,t,e,d
2,0,2,0
p,l,u,g,g,i,n,g
l,o,o,p,h,o,l,e
l,a,c,u,n,a
d,e,c,a,d,e,s
b,e,c,a,u,s,e
o,b,l,i,g,a,t,i,o,n
A,r,t,i,c,l,e
2,3
e,n,a,c,t
i,n,s,t,i,g,a,t,e,d
r,e,g,i,o,n,',s
r,a,d,i,c,a,l,s
l,e,v,e,r,a,g,e,d
r,e,l,e,n,t,l,e,s,s
l,e,g,i,s,l,a,t,i,o,n
s,i,t
r,e,m,a,i,n
u,n,f,i,l,l,e,d
u,n,d,e,r,p,i,n,n,e,d
l,e,g,i,t,i,m,a,c,y
f,i,e,r,c,e,l,y
a,t,t,a,c,k,e,d
s,e,p,a,r,a,t,i,s,t,s
o,p,p,o,s,i,n,g
s,a,v,a,g,e,d
r,i,o,t,i,n,g
m,o,b,s
p,r,o,p,e,r,t,i,e,s
f,r,e,n,z,i,e,d,l,y
s,m,a,s,h,e,d
m,a,s,k,e,d
r,i,o,t,e,r,s
m,o,n,t,h,s,l,o,n,g
i,n,s,u,r,r,e,c,t,i,o,n
t,h,r,e,a,t,e,n,i,n,g
2,0,1,9
f,o,r,c,e,d
B,e,i,j,i,n,g,',s
h,a,n,d
t,h,u,s
p,l,u,g,g,e,d
s,a,y,s
r,i,g,h,t,l,y
i,n,v,o,l,v,e,s
d,e,f,e,n,s,e
K,i,n,g,d,o,m
n,e,v,e,r
p,r,o,p,o,s,e,d
n,o,r
d,i,d
e,v,e,r
a,g,r,e,e
1,9,9,7
w,o,u,l,d
d,e,n,i,e,d
s,u,b,v,e,r,s,i,v,e
C,o,n,s,t,i,t,u,t,i,o,n
r,e,s,o,l,v,e,d
e,n,g,a,g,e,m,e,n,t
C,h,a,m,b,e,r
C,o,m,m,e,r,c,e
B,C,C,C
p,r,e,v,e,n,t,i,n,g
v,o,i,c,e
P,o,s,i,t,i,o,n
P,a,p,e,r
p,a,p,e,r
d,r,a,w,n
S,e,n,t,i,m,e,n,t
S,u,r,v,e,y
r,o,u,n,d,t,a,b,l,e,s
i,n,t,e,r,v,i,e,w,s
r,e,s,u,m,e,s
l,i,n,e
S,t
J,o,h,n
M,o,o,r,e
c,h,a,i,r
v,i,b,r,a,n,t
h,u,b
p,r,o,s,p,e,c,t,s
s,l,i,g,h,t
d,e,c,r,e,a,s,e
h,a,p,p,y
c,o,n,t,i,n,u,e,s
e,n,c,o,u,r,a,g,e
d,e,c,i,s,i,o,n,-,m,a,k,e,r,s
C,l,i,m,a,t,e
a,c,t,i,o,n
a,r,e,a
o,u,t,c,o,m,e,s
M,e,m,b,e,r,s
c,o,n,c,r,e,t,e
f,o,o,t,p,r,i,n,t,s
e,n,v,i,r,o,n,m,e,n,t,a,l
r,e,c,o,m,m,e,n,d,s
l,i,b,e,r,a,l,i,z,e
f,l,o,w,s
e,s,t,a,b,l,i,s,h
p,l,a,y,i,n,g
o,p,t,i,m,i,z,e,d
i,n,d,e,p,e,n,d,e,n,t
n,o,t,-,f,o,r,-,p,r,o,f,i,t
m,e,m,b,e,r,s,h,i,p
o,r,g,a,n,i,s,a,t,i,o,n
a,d,v,o,c,a,c,y
n,e,t,w,o,r,k,i,n,g
Y,e,a,r
S,c,i,e,n,t,i,f,i,c
T,e,c,h,n,o,l,o,g,i,c,a,l
I,n,n,o,v,a,t,i,o,n
r,e,c,a,l,l,e,d
A,u,g,u,s,t
c,o,n,g,r,a,t,u,l,a,t,i,o,n,s
j,o,i,n,e,d
a,d,v,e,r,s,e
c,a,r,r,i,e,d
c,r,e,a,t,i,v,e
f,a,s,h,i,o,n
1,0,0,0
e,x,c,h,a,n,g,e
t,e,c,h,n,o,l,o,g,i,c,a,l
f,a,c,i,l,i,t,a,t,e,d
a,c,h,i,e,v,e,m,e,n,t
a,e,r,o,s,p,a,c,e
h,i,g,h,l,i,g,h,t,i,n,g
s,u,c,c,e,s,s,f,u,l
p,r,o,v,e,d
t,h,e,r,e
p,r,o,s,p,e,c,t
o,t,h,e,r,',s
n,e,i,g,h,b,o,r,s
i,n,c,r,e,a,s,i,n,g,l,y
c,o,n,c,e,p,t
e,n,d,u,r,i,n,g
p,u,s,h
i,n,j,e,c,t
i,m,p,e,t,u,s
t,y,p,e
l,e,t,t,e,r
s,u,c,c,e,s,s
u,n,d,e,r,t,a,k,i,n,g
O,v,e,r
r,e,s,e,a,r,c,h,e,r,s
P,r,i,n,c,i,p,a,l
u,n,d,e,r,l,i,n,e,d
i,n,c,l,u,d,e,s
p,a,r,t,i,c,i,p,a,t,i,o,n
N,u,c,l,o,t,r,o,n,-,b,a,s,e,d
I,o,n
C,o,l,l,i,d,e,r
N,I,C,A
e,s,t,a,b,l,i,s,h,m,e,n,t
R,u,s,s,i,a,n,-,C,h,i,n,a
M,a,t,h,e,m,a,t,i,c,a,l
C,e,n,t,e,r
b,e,l,i,e,v,e,s
n,o,t,i,o,n
D,u,l,o,n,g
l,i,v,e
h,a,r,s,h
m,o,u,n,t,a,i,n,s
s,o,u,t,h,w,e,s,t
Y,u,n,n,a,n
A,f,t,e,r
v,a,n,q,u,i,s,h,i,n,g
p,o,v,e,r,t,y
m,o,d,e,r,a,t,e,l,y
p,r,o,s,p,e,r,o,u,s
h,o,w
L,e,t,',s
s,t,o,r,y
r,o,a,d
l,i,n,k,i,n,g
t,a,l,e,n,t
a,r,m,e,d
g,e,n,e,r,a,l
c,h,a,i,r,m,a,n
M,i,l,i,t,a,r,y
C,M,C
s,p,e,a,k,i,n,g
t,a,l,e,n,t,-,r,e,l,a,t,e,d
S,u,n,d,a,y
t,r,a,i,n,i,n,g
a,r,m,y
l,e,n,d
r,e,a,l,i,z,a,t,i,o,n
c,e,n,t,e,n,a,r,y
L,i,b,e,r,a,t,i,o,n
A,r,m,y
f,a,l,l,s
2,0,2,7
T,a,l,e,n,t
h,o,l,d,s
h,i,g,h,-,q,u,a,l,i,t,y
g,a,i,n,i,n,g
1,8,t,h
2,0,1,2
h,i,s,t,o,r,i,c
p,r,o,f,e,s,s,i,o,n,a,l
u,p,h,o,l,d,i,n,g
l,e,a,d,e,r,s,h,i,p
S,t,r,e,n,g,t,h,e,n,i,n,g
c,a,p,a,b,i,l,i,t,i,e,s
w,i,n
s,t,a,r,t,i,n,g
p,o,i,n,t
t,h,e,o,r,e,t,i,c,a,l
p,e,r,s,o,n,n,e,l,',s
l,i,t,e,r,a,c,y
k,n,o,w,-,h,o,w
a,c,c,e,l,e,r,a,t,i,n,g
f,i,r,s,t,-,c,l,a,s,s
s,c,h,o,o,l,s
H,i,g,h,l,i,g,h,t,i,n,g
p,r,e,c,i,s,e
a,l,l,o,c,a,t,i,o,n
c,o,m,m,a,n,d
a,t,m,o,s,p,h,e,r,e
t,r,u,s,t,i,n,g
r,e,s,p,e,c,t,i,n,g
s,h,o,w,i,n,g
c,o,n,c,e,r,n
T,h,o,u,g,h
d,i,s,t,a,n,c,e
a,p,a,r,t
A,f,r,i,c,a
f,r,i,e,n,d,s
b,o,o,k
J,i,n,p,i,n,g,',s
d,i,s,c,o,u,r,s,e,s
S,p,a,n,i,s,h
C,o,m,p,i,l,a,t,i,o,n
T,r,a,n,s,l,a,t,i,o,n
P,r,e,s,s
v,e,r,s,i,o,n
t,r,a,n,s,l,a,t,e,d
I,n,s,t,i,t,u,t,e
H,i,s,t,o,r,y
L,i,t,e,r,a,t,u,r,e
c,o,n,t,a,i,n,s
8,5
e,x,p,o,s,i,t,i,o,n
s,u,b,j,e,c,t
p,r,e,v,i,o,u,s,l,y
E,n,g,l,i,s,h
F,r,e,n,c,h
J,a,p,a,n,e,s,e
A,r,a,b,i,c
G,e,r,m,a,n
v,e,r,s,i,o,n,s
r,e,a,d,e,r,s
g,r,a,s,p
u,n,d,e,r,s,t,a,n,d
T,h,o,u,g,h,t
D,i,p,l,o,m,a,c,y
e,i,g,h,t,h
I,n,v,e,s,t,m,e,n,t
F,i,r,s,t
D,e,p,u,t,y
P,r,i,m,e
A,n,d,r,e,i
B,e,l,o,u,s,o,v
p,l,e,d,g,i,n,g
c,o,m,m,e,n,d,e,d
s,t,a,n,d,s
t,a,p
s,y,s,t,e,m,a,t,i,c,a,l,l,y
n,e,x,t
r,e,v,i,s,i,o,n
o,u,t,l,i,n,e
a,d,v,a,n,t,a,g,e,s
p,r,a,g,m,a,t,i,c
2,4
a,g,r,e,e,d
2,5,t,h
c,o,m,m,i,t,t,e,e
m,e,e,t,i,n,g,s
H,u
C,h,u,n,h,u,a
c,o,-,c,h,a,i,r
D,m,i,t,r,y
m,i,n,i,s,t,r,y
e,x,p,e,c,t,s
l,a,r,g,e,r
W,u
Q,i,a,n
D,e,f,e,n,s,e
R,e,c,e,n,t
m,i,l,i,t,a,r,i,e,s
e,x,e,r,c,i,s,e,s
e,v,e,r,-,i,m,p,r,o,v,i,n,g
m,e,c,h,a,n,i,s,m,s
m,a,r,k,s
u,n,i,q,u,e
w,e,l,l,b,e,i,n,g
c,o,-,h,o,s,t,e,d
c,h,a,i,r,p,e,r,s,o,n,s,'
I,n,t,e,r,g,o,v,e,r,n,m,e,n,t,a,l
N,o,r,t,h,e,a,s,t
F,a,r
E,a,s,t
B,a,i,k,a,l
Y,u,r,y
T,r,u,t,n,e,v
d,e,p,u,t,y
p,r,i,m,e
m,i,n,i,s,t,e,r
p,r,e,s,i,d,e,n,t,i,a,l
e,n,v,o,y
E,a,s,t,e,r,n
F,e,d,e,r,a,l
D,i,s,t,r,i,c,t
N,o,r,t,h,e,a,s,t,-,F,a,r
B,i,l,a,t,e,r,a,l
g,r,o,w,n
r,a,p,i,d,l,y
b,e,c,o,m,e
a,n,t,i,-,C,O,V,I,D,-,1,9
p,o,r,t,s
g,r,e,e,n,-,r,e,l,a,t,e,d
c,o,n,s,t,a,n,t,l,y
b,r,e,a,d,t,h
d,e,p,t,h
3,1
H,e,a,l,t,h
P,r,o,t,e,c,t,i,o,n
r,e,p,o,r,t,e,d
f,o,u,r
c,o,n,f,i,r,m,e,d
i,m,p,o,r,t,e,d
t,a,l,l,y
1,1,8,4,1
C,a,r,r,i,e
L,a,m
c,h,i,e,f
t,o,l,d
b,r,i,e,f,i,n,g
v,a,c,c,i,n,a,t,i,o,n
p,r,o,g,r,a,m
2,3,6
d,o,s,e,s
v,a,c,c,i,n,e
a,d,m,i,n,i,s,t,e,r,e,d
h,e,r
f,i,g,u,r,e
i,n,c,l,u,d,e,d
v,a,c,c,i,n,a,t,e,d
s,e,c,o,n,d
d,o,s,e
E,a,r,l,y
V,a,c,c,i,n,a,t,i,o,n
c,a,m,p,a,i,g,n
i,m,m,u,n,e
b,a,r,r,i,e,r
s,i,g,n,i,f,i,c,a,n,t,l,y
r,a,t,e
t,h,r,e,e,-,m,o,n,t,h,-,l,o,n,g
p,e,r,i,o,d
r,o,l,l
r,e,w,a,r,d
s,h,e
S,e,c,r,e,t,a,r,y
S,o,p,h,i,a
C,h,a,n
T,h,a,i,l,a,n,d
V,i,e,t,n,a,m
C,a,m,b,o,d,i,a
c,l,a,s,s,i,f,i,e,d
r,i,s,k
P,e,o,p,l,e
u,n,d,e,r,g,o
c,o,m,p,u,l,s,o,r,y
q,u,a,r,a,n,t,i,n,e
d,a,y,s
a,r,r,i,v,a,l
m,e,a,s,u,r,e
a,p,p,l,i,e,s
T,a,i,w,a,n
F,u,r,t,h,e,r,m,o,r,e
r,i,s,i,n,g
r,e,c,o,r,d,e,d
a,i,r
c,l,a,s,s,i,f,y
L,O,N,D,O,N
1,3
e,x,p,o,r,t,s
i,m,p,o,r,t,s
r,e,s,t
t,a,n,k
O,x,f,o,r,d
E,c,o,n,o,m,i,c,s
e,x,p,e,c,t
e,x,p,o,r,t
r,o,b,u,s,t
Q,2
u,n,d,e,r,p,i,n
l,i,k,e,l,y
r,e,t,r,e,a,t
p,a,n,d,e,m,i,c,-,r,e,l,a,t,e,d
G,i,v,e,n
s,h,i,p,p,i,n,g
d,e,l,a,y,s
o,v,e,r,s,h,a,d,o,w
n,e,a,r,-,t,e,r,m
o,u,t,l,o,o,k
d,o,e,s,n,',t
s,e,e,m
d,i,m,i,n,i,s,h,e,d
c,o,n,t,r,a,r,y,:
o,n,s,e,t
c,a,t,e,g,o,r,i,e,s
m,o,n,t,h,s
A,p,a,r,t
l,o,o,k,i,n,g
g,r,o,w
g,a,i,n
w,e,a,k,n,e,s,s
Q,1
f,a,c,t
r,e,t,u,r,n,e,d
',n,o,r,m,a,l,'
v,i,s,i,b,l,e
s,h,o,w,e,d
e,a,r,l,i,e,r
d,a,y
s,u,r,g,e,d
2,9,2
8,4,7
1,2,9
j,u,m,p,e,d
3,8,7
c,l,i,m,b,e,d
1,9,3
t,e,r,m,s
f,i,g,u,r,e,s
G,e,n,e,r,a,l
A,d,m,i,n,i,s,t,r,a,t,i,o,n
C,u,s,t,o,m,s
G,A,C
A,s,s,o,c,i,a,t,i,o,n
S,o,u,t,h,e,a,s,t
A,s,i,a,n
t,r,a,d,i,n,g
f,o,l,l,o,w,e,d
E,u,r,o,p,e,a,n
r,o,s,e
2,1,4
0,3,8
I,n,d,o,n,e,s,i,a
P,o,l,a,n,d
r,a,p,i,d
S,o
t,h,e,r,e,',s
l,o,t,s
s,u,c,c,e,e,d
t,h,r,o,u,g,h,o,u,t
B,R,I
S,t,e,p,h,e,n
P,e,r,r,y
4,8
G,r,o,u,p
C,l,u,b
i,n,t,e,r,v,i,e,w
o,r,g,a,n,i,z,a,t,i,o,n
p,r,o,v,i,d,e,s
i,n,t,e,r,p,r,e,t,a,t,i,o,n
c,o,n,s,u,l,t,a,n,c,y
I
b,e,s,t
P,l,a,y,i,n,g
O,v,e,r,s,e,a,s
B,N,O
p,a,s,s,p,o,r,t
h,y,p,o,c,r,i,t,i,c,a,l
m,a,n,i,p,u,l,a,t,i,o,n
E,m,b,a,s,s,y
L,o,n,d,o,n
r,e,c,e,n,t,l,y
4,3,-,m,i,l,l,i,o,n,-,B,r,i,t,i,s,h,-,p,o,u,n,d
5,9,-,m,i,l,l,i,o,n,-,U,S,-,d,o,l,l,a,r
s,e,t,t,l,e,m,e,n,t
s,t,a,t,u,s
h,o,l,d,e,r,s
p,o,s,i,t,i,o,n
o,c,c,a,s,i,o,n,s
e,x,c,h,a,n,g,e,d
M,O,U
e,x,p,l,i,c,i,t,l,y
p,r,o,m,i,s,e,d
r,e,s,i,d,i,n,g
a,b,o,d,e
c,h,a,n,g,i,n,g
a,r,r,a,n,g,e,m,e,n,t
u,n,i,l,a,t,e,r,a,l,l,y
p,l,e,d,g,e,s
i,n,t,e,r,f,e,r,e,s
e,x,p,r,e,s,s,e,s
g,r,a,v,e
f,i,r,m
l,o,n,g,e,r
v,a,l,i,d
d,o,c,u,m,e,n,t
i,d,e,n,t,i,f,i,c,a,t,i,o,n
r,e,s,e,r,v,e,s
a,t,t,e,m,p,t,i,n,g
t,u,r,n
r,e,s,i,d,e,n,t,s
s,e,c,o,n,d,-,c,l,a,s,s
',c,i,t,i,z,e,n,s,'
d,o,o,m,e,d
f,a,i,l,u,r,e
u,r,g,e,s
w,a,k,e
t,r,e,n,d,s
r,a,c,i,a,l
d,i,s,c,r,i,m,i,n,a,t,i,o,n
f,a,r
p,a,r,a,d,i,s,e
d,i,s,c,r,i,m,i,n,a,t,e,d
l,i,v,i,n,g
d,i,s,t,r,e,s,s
c,o,m,i,n,g
r,e,c,e,i,v,e,d
r,e,q,u,e,s,t,s
c,o,n,s,u,l,a,r
r,e,l,a,t,i,o,n
s,o,l,v,i,n,g
r,a,t,h,e,r
s,t,i,r,r,i,n,g
t,r,o,u,b,l,e
8
M,a,t,t,h,e,w
C,h,e,u,n,g
a,d,m,i,n,i,s,t,r,a,t,i,o,n
p,u,b,l,i,c,i,t,y
y,o,u,n,g
b,e,l,o,n,g,i,n,g
n,a,t,i,o,n
i,d,e,n,t,i,t,y
v,i,s,i,t,i,n,g
E,n,d,e,a,v,o,u,r
E,d,u,c,a,t,i,o,n
c,e,n,t,e,r,',s
k,n,o,w,l,e,d,g,e
n,a,t,i,o,n,',s
d,e,v,e,l,o,p,m,e,n,t,s
a,b,i,d,e
m,u,l,t,i,-,p,r,o,n,g,e,d
s,t,e,p,p,i,n,g
w,a,l,k,s
v,i,s,i,t,e,d
F,e,d,e,r,a,t,i,o,n
Y,o,u,t,h
G,r,o,u,p,s
h,o,s,t,e,l
T,a,i
P,o
l,a,t,e,s,t
n,o,n,-,g,o,v,e,r,n,m,e,n,t,a,l
o,r,g,a,n,i,s,a,t,i,o,n,s
v,i,e,w
p,a,r,l,i,a,m,e,n,t
m,i,n,d
a,p,p,r,o,v,e,d
p,a,r,l,i,a,m,e,n,t,a,r,y
m,o,t,i,o,n
X,i,n,j,i,a,n,g
g,e,n,o,c,i,d,e
b,l,a,t,a,n,t
l,i,e
f,a,b,r,i,c,a,t,e,d
a,n,t,i,-,C,h,i,n,a
e,t,h,n,i,c
c,o,n,d,e,m,n
L,i,j,i,a,n
e,n,o,u,g,h
M,a,l,c,o,l,m
C,l,a,r,k,e
O,s,c,a,r,-,w,i,n,n,i,n,g
d,i,r,e,c,t,o,r
w,i,l,d,l,y
m,i,s,u,n,d,e,r,s,t,o,o,d
m,i,s,r,e,p,r,e,s,e,n,t,e,d
W,e,s,t,e,r,n
r,e,c,a,l,l,i,n,g
f,i,l,m,-,s,h,o,o,t,i,n,g
u,n,r,e,s,t,-,h,i,t
S,p,e,a,k,i,n,g
r,e,m,o,t,e,l,y
h,e,r,e
d,i,s,g,u,s,t,e,d
W,e,s,t
S,o,m,e
r,e,v,e,r,e,d
n,e,w,s
w,i,l,l,f,u,l,l,y
d,u,m,b,i,n,g
z,e,r,o,-,s,u,m
g,a,m,e
g,r,i,p,p,e,d
d,i,s,t,u,r,b,a,n,c,e,s
a,g,o
v,i,o,l,e,n,t
b,l,o,c,k,i,n,g
h,u,r,l,i,n,g
p,e,t,r,o,l
b,o,m,b,s
a,t,t,a,c,k,i,n,g
t,r,a,s,h,i,n,g
s,h,o,p,s
a,l,m,o,s,t
b,e,c,a,m,e
D,u,r,i,n,g
g,l,o,r,i,f,i,e,d
f,i,g,h,t,e,r,s
s,u,f,f,e,r,e,d
s,l,a,n,d,e,r
w,a,n,t,e,d
s,t,r,e,e,t,s
o,b,j,e,c,t,i,v,e,l,y
o,r,i,g,i,n,a,l
d,o,c,u,m,e,n,t,a,r,y
h,o,w,e,v,e,r
b,e,f,o,r,e
B,e,c,a,u,s,e
t,o,o
d,a,n,g,e,r,o,u,s
s,p,e,a,k
t,e,r,r,i,f,i,e,d
f,e,a,r
n,o,b,o,d,y
d,o,x,x,e,d
h,a,r,a,s,s,e,d
b,e,a,t,e,n
n,i,g,h,t,m,a,r,e
w,o,r,k,e,d
f,i,l,m
4,0
t,e,a,m
d,o,i,n,g
w,h,e,r,e
r,e,p,r,e,s,e,n,t,e,d
i,n,t,e,r,v,i,e,w,e,e,s
T,a,l,k,i,n,g
u,p,h,e,a,v,a,l,s
s,h,a,r,p,l,y
f,o,o,t,b,a,l,l
c,y,n,i,c,a,l,l,y
d,e,c,e,i,v,e,d
C,a,n,d,i,d,l,y
l,a,m,e,n,t
b,e,l,i,e,v,e,d
l,i,e,s
m,a,i,n,l,a,n,d
r,i,s,e
2,1,s,t
c,e,n,t,u,r,y
k,n,o,w
i,t,',s
F,r,a,n,k,l,y
m,y
o,p,i,n,i,o,n
l,u,c,k,y
s,e,m,i,n,a,l
m,o,m,e,n,t
M,o,n,d,a,y,',s
o,r,g,a,n,i,z,e,d
C,o,a,l,i,t,i,o,n
C,u,l,t,u,r,e
L,t,d
t,h,e,m,e
C,o,m,m,u,n,i,c,a,t,i,o,n
N,e,w
c,o,n,d,e,m,n,a,t,i,o,n
p,a,s,s,e,d
H,o,u,s,e
C,o,m,m,o,n,s
h,a,n,d,f,u,l
M,P,s
P,a,r,l,i,a,m,e,n,t
c,o,o,k,e,d
f,a,c,t,s
d,i,s,c,r,e,d,i,t,i,n,g
g,r,a,v,e,l,y
g,r,o,s,s,l,y
o,p,p,o,s,e,s
U,y,g,u,r,s
f,l,a,t,-,o,u,t
q,u,a,l,i,f,i,e,d
e,n,t,i,t,l,e,d
d,e,t,e,r,m,i,n,e
a,r,b,i,t,r,a,r,i,l,y
',g,e,n,o,c,i,d,e,'
r,u,m,o,r,-,m,o,n,g,e,r,i,n,g
m,a,l,i,c,i,o,u,s
s,m,e,a,r
X,i,n,j,i,a,n,g,-,r,e,l,a,t,e,d
e,s,s,e,n,c,e
c,o,u,n,t,e,r,i,n,g
t,e,r,r,o,r,i,s,m
r,a,d,i,c,a,l,i,z,a,t,i,o,n
s,e,p,a,r,a,t,i,s,m
T,h,a,n,k,s
c,o,n,c,e,r,t,e,d
t,e,r,r,o,r,i,s,t
p,o,p,u,l,a,t,i,o,n
s,p,o,k,e,n
w,r,i,t,t,e,n
l,a,n,g,u,a,g,e,s
',c,r,i,m,e,s
h,u,m,a,n,i,t,y,'
s,h,e,e,r
r,e,m,a,i,n,s
u,n,w,a,v,e,r,i,n,g
d,e,t,e,r,m,i,n,a,t,i,o,n
g,r,o,u,n,d,l,e,s,s
c,a,l,l,s
r,e,f,l,e,c,t,i,o,n
W,o,r,k,i,n,g
E,x,p,e,r,t,s
A,f,r,i,c,a,n
D,e,s,c,e,n,t
c,o,n,d,e,m,n,e,d
R,a,c,e
E,t,h,n,i,c
D,i,s,p,a,r,i,t,i,e,s
p,o,i,n,t,i,n,g
f,a,l,s,i,f,i,e,d
h,i,s,t,o,r,i,c,a,l
r,a,c,i,s,m
W,h,i,t,e,w,a,s,h,i,n,g
s,t,a,g,i,n,g
f,a,r,c,e,s
s,m,a,c,k
h,y,p,o,c,r,i,s,y
c,o,r,e
c,o,n,c,e,r,n,s
i,m,m,e,d,i,a,t,e,l,y
w,r,o,n,g
m,o,v,e,s
s,u,r,p,a,s,s,e,d
G,e,r,m,a,n,y
b,i,g,g,e,s,t
s,i,n,g,l,e
i,m,p,o,r,t
S,t,a,t,i,s,t,i,c,s
G,o,o,d,s
s,o,a,r,e,d
1,6,9
p,o,u,n,d,s
2,3,9,5
1,6,1
1,2,5
1,7,7,1
o,f,f,i,c,e
4,1,1
D,e,c,e,m,b,e,r
d,r,i,v,e,n
t,e,l,e,c,o,m,m,u,n,i,c,a,t,i,o,n,s
t,e,x,t,i,l,e,s
c,l,o,t,h,i,n,g
s,h,o,w,s
c,o,n,t,i,n,u,a,t,i,o,n
l,i,m,i,t,e,d
N,o,t,a,b,l,y
t,o,p
f,i,v,e
g,r,e,w
2,0,1,8
6,5,6
N,e,t,h,e,r,l,a,n,d,s
F,r,a,n,c,e
n,o,n,-,E,u,r,o,p,e,a,n
E,U
o,v,e,r,t,o,o,k
n,o,n,-,E,U
e,x,c,l,u,d,i,n,g
p,r,e,c,i,o,u,s
m,e,t,a,l,s
f,e,l,l
0,9
Q,4
0,4
c,o,n,t,r,a,s,t,s
c,o,n,t,i,n,u,e,d
s,u,r,r,o,u,n,d,i,n,g
B,r,e,x,i,t
c,o,n,t,r,i,b,u,t,e,d
v,o,l,a,t,i,l,i,t,y
7
l,o,c,a,l,l,y
t,r,a,n,s,m,i,t,t,e,d
c,l,o,s,e
c,o,n,t,a,c,t
p,a,t,i,e,n,t,s
N,5,0,1,Y
m,u,t,a,n,t
2,0,-,y,e,a,r,-,o,l,d
w,e,e,k,s
i,n,f,e,c,t,i,o,n,s
a,c,c,u,m,u,l,a,t,e,d
1,1,8,6,5
r,o,l,l,o,u,t
1,5,3
l,e,a,s,t
s,h,o,t
2,3,3
1,1,1
a,g,e,d
a,b,o,v,e
c,u,r,r,e,n,t,l,y
M,o,n,e,t,a,r,y
A,u,t,h,o,r,i,t,y
H,K,M,A
u,n,v,e,i,l,e,d
F,i,n,t,e,c,h
2,0,2,5
f,i,n,t,e,c,h
c,o,m,p,r,e,h,e,n,s,i,v,e,l,y
d,o,u,b,t
e,n,g,i,n,e
p,o,s,t,-,p,a,n,d,e,m,i,c
E,d,d,i,e
Y,u,e
b,a,n,k,s
e,n,c,o,u,r,a,g,i,n,g
d,i,g,i,t,a,l,i,z,e
u,n,l,e,a,s,h,i,n,g
b,a,n,k,i,n,g
h,u,b,',s
e,x,i,s,t,i,n,g
f,i,n,t,e,c,h,-,s,a,v,v,y
w,o,r,k,f,o,r,c,e
n,u,r,t,u,r,i,n,g
e,c,o,s,y,s,t,e,m
f,u,n,d,i,n,g
1,0
w,i,f,e
P,e,n,g
L,i,y,u,a,n
S,a,t,u,r,d,a,y
Q,u,e,e,n
E,l,i,z,a,b,e,t,h
I,I
p,a,s,s,i,n,g
P,r,i,n,c,e
P,h,i,l,i,p
E,x,p,r,e,s,s,i,n,g
s,y,m,p,a,t,h,y
f,a,m,i,l,y
9
S,h,a,n,g,h,a,i
1,4,t,h
F,i,v,e,-,Y,e,a,r
P,l,a,n
e,x,p,e,r,t,s
L,e,u,n,g
C,h,u,n,-,y,i,n,g
v,i,c,e
c,o,n,v,e,n,e,r
c,o,m,p,l,e,m,e,n,t,a,r,y
s,e,i,z,e
r,e,a,l,i,z,e
D,o,n,g
Y,u,n,h,u
m,u,n,i,c,i,p,a,l
b,e,l,i,e,v,e
e,n,o,r,m,o,u,s
c,o,n,n,e,c,t,i,v,i,t,y
b,i,o,-,m,e,d,i,c,i,n,e
c,i,r,c,u,i,t,s
a,t,t,e,n,d,e,e,s
A,c,a,d,e,m,y
S,o,c,i,a,l
S,c,i,e,n,c,e,s
B,e,t,t,e,r
C,H,P
1,1,8,6,8
i,n,v,o,l,v,e,d
m,a,n
a,r,r,i,v,e,d
C,o,l,o,m,b,i,a
c,o,u,n,c,i,l
d,i,s,a,p,p,o,i,n,t,i,n,g
w,o,r,r,y,i,n,g
i,n,f,e,c,t,e,d
v,i,g,i,l,a,n,t
s,u,i,t,a,b,l,e
e,a,s,e
d,i,s,t,a,n,c,i,n,g
a,d,j,u,s,t
2,6,7
1,5,5
2,3,7
1,1,2
c,o,-,h,o,s,t
c,h,a,i,r,m,e,n,',s
i,n,t,e,n,d,e,d
P,r,o,m,o,t,i,n,g
E,x,c,h,a,n,g,e,s
M,u,t,u,a,l
L,e,a,r,n,i,n,g
D,e,e,p,e,n,i,n,g
P,r,a,c,t,i,c,a,l
M,e,d,i,a
N,i,u
Y,i,b,i,n,g
h,e,a,d
C,y,b,e,r,s,p,a,c,e
p,e,o,p,l,e,-,t,o,-,p,e,o,p,l,e
R,e,p,r,e,s,e,n,t,a,t,i,v,e,s
s,c,h,o,l,a,r,s
p,a,r,t,i,c,i,p,a,t,e,d
o,f,f,l,i,n,e
D,a,i,l,y
D,e,v,e,l,o,p,m,e,n,t
